"","Year","Grid","tot_days","tot_warm_days","feb_apr_warm_days","winter_days","cold_winter_days","degree_days","mat","snowfall_cm","DOL","DON","DOA","LPM","PL_grid","PL_ha","TS_grid","TS_ha","QURU","QUVE","QUAL","QUPR","ACSA","REDOAK","WHITEOAK","TOT.MATURE.ACORNS","Ave.Deer.Hr","TFA_infected","TFA_total","PCR_positive","PCR_total","TFA_NIP_CORR","PCR_NIP","TFA_fraction","PCR_fraction","NIP","TOTLAR","grid_year","grid_year_tminus1","grid_year_tminus2","deer_tminus2","deer_tminus1","CDD_tminus2","acorns_tminus2","acsa_tminus2","mouse_tminus1","mouse_t","chip_tminus1","chip_t","rodents_tminus1","rodents_t","dol_tminus1","don","acorns_tminus1","redoak_tminus1","whiteoak_tminus1","redoak_tminus2","whiteoak_tminus2","totlar_tminus1"
"1",1987,"GC",NA,NA,NA,NA,NA,NA,NA,NA,NA,NA,NA,NA,NA,NA,NA,NA,NA,NA,NA,NA,NA,NA,NA,NA,NA,NA,NA,NA,NA,NA,NA,NA,NA,NA,NA,"GC_1987","GC_1986","GC_1985",NA,NA,NA,NA,NA,NA,NA,NA,NA,NA,NA,NA,NA,NA,NA,NA,NA,NA,NA
"2",1987,"GX",NA,NA,NA,NA,NA,NA,NA,NA,NA,NA,NA,NA,NA,NA,NA,NA,NA,NA,NA,NA,NA,NA,NA,NA,NA,NA,NA,NA,NA,NA,NA,NA,NA,NA,NA,"GX_1987","GX_1986","GX_1985",NA,NA,NA,NA,NA,NA,NA,NA,NA,NA,NA,NA,NA,NA,NA,NA,NA,NA,NA
"3",1987,"HC",NA,NA,NA,NA,NA,NA,NA,NA,NA,NA,NA,NA,NA,NA,NA,NA,NA,NA,NA,NA,NA,NA,NA,NA,NA,NA,NA,NA,NA,NA,NA,NA,NA,NA,NA,"HC_1987","HC_1986","HC_1985",NA,NA,NA,NA,NA,NA,NA,NA,NA,NA,NA,NA,NA,NA,NA,NA,NA,NA,NA
"4",1987,"HX",NA,NA,NA,NA,NA,NA,NA,NA,NA,NA,NA,NA,NA,NA,NA,NA,NA,NA,NA,NA,NA,NA,NA,NA,NA,NA,NA,NA,NA,NA,NA,NA,NA,NA,NA,"HX_1987","HX_1986","HX_1985",NA,NA,NA,NA,NA,NA,NA,NA,NA,NA,NA,NA,NA,NA,NA,NA,NA,NA,NA
"5",1987,"TC",NA,NA,NA,NA,NA,NA,NA,NA,NA,NA,NA,NA,NA,NA,NA,NA,NA,NA,NA,NA,NA,NA,NA,NA,NA,NA,NA,NA,NA,NA,NA,NA,NA,NA,NA,"TC_1987","TC_1986","TC_1985",NA,NA,NA,NA,NA,NA,NA,NA,NA,NA,NA,NA,NA,NA,NA,NA,NA,NA,NA
"6",1987,"TX",NA,NA,NA,NA,NA,NA,NA,NA,NA,NA,NA,NA,NA,NA,NA,NA,NA,NA,NA,NA,NA,NA,NA,NA,NA,NA,NA,NA,NA,NA,NA,NA,NA,NA,NA,"TX_1987","TX_1986","TX_1985",NA,NA,NA,NA,NA,NA,NA,NA,NA,NA,NA,NA,NA,NA,NA,NA,NA,NA,NA
"7",1988,"GC",90,9,0.1,NA,NA,NA,10.1679758308157,NA,NA,NA,NA,NA,NA,NA,NA,NA,NA,NA,NA,NA,NA,NA,NA,NA,NA,NA,NA,NA,NA,NA,NA,NA,NA,NA,NA,"GC_1988","GC_1987","GC_1986",NA,NA,NA,NA,NA,NA,NA,NA,NA,NA,NA,NA,NA,NA,NA,NA,NA,NA,NA
"8",1988,"GX",90,9,0.1,NA,NA,NA,10.1679758308157,NA,NA,NA,NA,NA,NA,NA,NA,NA,NA,NA,NA,NA,NA,NA,NA,NA,NA,NA,NA,NA,NA,NA,NA,NA,NA,NA,NA,"GX_1988","GX_1987","GX_1986",NA,NA,NA,NA,NA,NA,NA,NA,NA,NA,NA,NA,NA,NA,NA,NA,NA,NA,NA
"9",1988,"HC",90,9,0.1,NA,NA,NA,10.1679758308157,NA,NA,NA,NA,NA,NA,NA,NA,NA,NA,NA,NA,NA,NA,NA,NA,NA,NA,NA,NA,NA,NA,NA,NA,NA,NA,NA,NA,"HC_1988","HC_1987","HC_1986",NA,NA,NA,NA,NA,NA,NA,NA,NA,NA,NA,NA,NA,NA,NA,NA,NA,NA,NA
"10",1988,"HX",90,9,0.1,NA,NA,NA,10.1679758308157,NA,NA,NA,NA,NA,NA,NA,NA,NA,NA,NA,NA,NA,NA,NA,NA,NA,NA,NA,NA,NA,NA,NA,NA,NA,NA,NA,NA,"HX_1988","HX_1987","HX_1986",NA,NA,NA,NA,NA,NA,NA,NA,NA,NA,NA,NA,NA,NA,NA,NA,NA,NA,NA
"11",1988,"TC",90,9,0.1,NA,NA,NA,10.1679758308157,NA,NA,NA,NA,NA,NA,NA,NA,NA,NA,NA,NA,NA,NA,NA,NA,NA,NA,NA,NA,NA,NA,NA,NA,NA,NA,NA,NA,"TC_1988","TC_1987","TC_1986",NA,NA,NA,NA,NA,NA,NA,NA,NA,NA,NA,NA,NA,NA,NA,NA,NA,NA,NA
"12",1988,"TX",90,9,0.1,NA,NA,NA,10.1679758308157,NA,NA,NA,NA,NA,NA,NA,NA,NA,NA,NA,NA,NA,NA,NA,NA,NA,NA,NA,NA,NA,NA,NA,NA,NA,NA,NA,NA,"TX_1988","TX_1987","TX_1986",NA,NA,NA,NA,NA,NA,NA,NA,NA,NA,NA,NA,NA,NA,NA,NA,NA,NA,NA
"13",1989,"GC",89,15,0.168539325842697,151,0.218543046357616,3579.1,8.55180055401662,NA,NA,NA,NA,NA,NA,NA,NA,NA,NA,NA,NA,NA,NA,NA,NA,NA,NA,NA,NA,NA,NA,NA,NA,NA,NA,NA,NA,"GC_1989","GC_1988","GC_1987",NA,NA,NA,NA,NA,NA,NA,NA,NA,NA,NA,NA,NA,NA,NA,NA,NA,NA,NA
"14",1989,"GX",89,15,0.168539325842697,151,0.218543046357616,3579.1,8.55180055401662,NA,NA,NA,NA,NA,NA,NA,NA,NA,NA,NA,NA,NA,NA,NA,NA,NA,NA,NA,NA,NA,NA,NA,NA,NA,NA,NA,NA,"GX_1989","GX_1988","GX_1987",NA,NA,NA,NA,NA,NA,NA,NA,NA,NA,NA,NA,NA,NA,NA,NA,NA,NA,NA
"15",1989,"HC",89,15,0.168539325842697,151,0.218543046357616,3579.1,8.55180055401662,NA,NA,NA,NA,NA,NA,NA,NA,NA,NA,NA,NA,NA,NA,NA,NA,NA,NA,NA,NA,NA,NA,NA,NA,NA,NA,NA,NA,"HC_1989","HC_1988","HC_1987",NA,NA,NA,NA,NA,NA,NA,NA,NA,NA,NA,NA,NA,NA,NA,NA,NA,NA,NA
"16",1989,"HX",89,15,0.168539325842697,151,0.218543046357616,3579.1,8.55180055401662,NA,NA,NA,NA,NA,NA,NA,NA,NA,NA,NA,NA,NA,NA,NA,NA,NA,NA,NA,NA,NA,NA,NA,NA,NA,NA,NA,NA,"HX_1989","HX_1988","HX_1987",NA,NA,NA,NA,NA,NA,NA,NA,NA,NA,NA,NA,NA,NA,NA,NA,NA,NA,NA
"17",1989,"TC",89,15,0.168539325842697,151,0.218543046357616,3579.1,8.55180055401662,NA,NA,NA,NA,NA,NA,NA,NA,NA,NA,NA,NA,NA,NA,NA,NA,NA,NA,NA,NA,NA,NA,NA,NA,NA,NA,NA,NA,"TC_1989","TC_1988","TC_1987",NA,NA,NA,NA,NA,NA,NA,NA,NA,NA,NA,NA,NA,NA,NA,NA,NA,NA,NA
"18",1989,"TX",89,15,0.168539325842697,151,0.218543046357616,3579.1,8.55180055401662,NA,NA,NA,NA,NA,NA,NA,NA,NA,NA,NA,NA,NA,NA,NA,NA,NA,NA,NA,NA,NA,NA,NA,NA,NA,NA,NA,NA,"TX_1989","TX_1988","TX_1987",NA,NA,NA,NA,NA,NA,NA,NA,NA,NA,NA,NA,NA,NA,NA,NA,NA,NA,NA
"19",1990,"GC",80,16,0.2,145,0.303448275862069,3690.1,10.6953623188406,NA,NA,NA,NA,NA,NA,NA,NA,NA,NA,NA,NA,NA,NA,NA,NA,NA,NA,NA,NA,NA,NA,NA,NA,NA,NA,NA,NA,"GC_1990","GC_1989","GC_1988",NA,NA,NA,NA,NA,NA,NA,NA,NA,NA,NA,NA,NA,NA,NA,NA,NA,NA,NA
"20",1990,"GX",80,16,0.2,145,0.303448275862069,3690.1,10.6953623188406,NA,NA,NA,NA,NA,NA,NA,NA,NA,NA,NA,NA,NA,NA,NA,NA,NA,NA,NA,NA,NA,NA,NA,NA,NA,NA,NA,NA,"GX_1990","GX_1989","GX_1988",NA,NA,NA,NA,NA,NA,NA,NA,NA,NA,NA,NA,NA,NA,NA,NA,NA,NA,NA
"21",1990,"HC",80,16,0.2,145,0.303448275862069,3690.1,10.6953623188406,NA,NA,NA,NA,NA,NA,NA,NA,NA,NA,NA,NA,NA,NA,NA,NA,NA,NA,NA,NA,NA,NA,NA,NA,NA,NA,NA,NA,"HC_1990","HC_1989","HC_1988",NA,NA,NA,NA,NA,NA,NA,NA,NA,NA,NA,NA,NA,NA,NA,NA,NA,NA,NA
"22",1990,"HX",80,16,0.2,145,0.303448275862069,3690.1,10.6953623188406,NA,NA,NA,NA,NA,NA,NA,NA,NA,NA,NA,NA,NA,NA,NA,NA,NA,NA,NA,NA,NA,NA,NA,NA,NA,NA,NA,NA,"HX_1990","HX_1989","HX_1988",NA,NA,NA,NA,NA,NA,NA,NA,NA,NA,NA,NA,NA,NA,NA,NA,NA,NA,NA
"23",1990,"TC",80,16,0.2,145,0.303448275862069,3690.1,10.6953623188406,NA,NA,NA,NA,NA,NA,NA,NA,NA,NA,NA,NA,NA,NA,NA,NA,NA,NA,NA,NA,NA,NA,NA,NA,NA,NA,NA,NA,"TC_1990","TC_1989","TC_1988",NA,NA,NA,NA,NA,NA,NA,NA,NA,NA,NA,NA,NA,NA,NA,NA,NA,NA,NA
"24",1990,"TX",80,16,0.2,145,0.303448275862069,3690.1,10.6953623188406,NA,NA,NA,NA,NA,NA,NA,NA,NA,NA,NA,NA,NA,NA,NA,NA,NA,NA,NA,NA,NA,NA,NA,NA,NA,NA,NA,NA,"TX_1990","TX_1989","TX_1988",NA,NA,NA,NA,NA,NA,NA,NA,NA,NA,NA,NA,NA,NA,NA,NA,NA,NA,NA
"25",1991,"GC",89,25,0.280898876404494,141,0.141843971631206,3993.6,10.4228813559322,NA,NA,NA,NA,NA,NA,NA,NA,NA,NA,NA,NA,NA,NA,NA,NA,NA,NA,NA,NA,NA,NA,NA,NA,NA,NA,NA,NA,"GC_1991","GC_1990","GC_1989",NA,NA,3579.1,NA,NA,NA,NA,NA,NA,NA,NA,NA,NA,NA,NA,NA,NA,NA,NA
"26",1991,"GX",89,25,0.280898876404494,141,0.141843971631206,3993.6,10.4228813559322,NA,NA,NA,NA,NA,NA,NA,NA,NA,NA,NA,NA,NA,NA,NA,NA,NA,NA,NA,NA,NA,NA,NA,NA,NA,NA,NA,NA,"GX_1991","GX_1990","GX_1989",NA,NA,3579.1,NA,NA,NA,NA,NA,NA,NA,NA,NA,NA,NA,NA,NA,NA,NA,NA
"27",1991,"HC",89,25,0.280898876404494,141,0.141843971631206,3993.6,10.4228813559322,NA,0.65,0.014,0.02,30.56097561,46.52,20.67555556,2.67,1.186666667,NA,NA,NA,NA,NA,NA,NA,NA,NA,NA,NA,NA,NA,NA,NA,NA,NA,NA,0.713186514919236,"HC_1991","HC_1990","HC_1989",NA,NA,3579.1,NA,NA,NA,20.67555556,NA,1.186666667,NA,21.862222227,NA,0.014,NA,NA,NA,NA,NA,NA
"28",1991,"HX",89,25,0.280898876404494,141,0.141843971631206,3993.6,10.4228813559322,NA,NA,NA,NA,NA,NA,NA,NA,NA,NA,NA,NA,NA,NA,NA,NA,NA,NA,NA,NA,NA,NA,NA,NA,NA,NA,NA,NA,"HX_1991","HX_1990","HX_1989",NA,NA,3579.1,NA,NA,NA,NA,NA,NA,NA,NA,NA,NA,NA,NA,NA,NA,NA,NA
"29",1991,"TC",89,25,0.280898876404494,141,0.141843971631206,3993.6,10.4228813559322,NA,1.18133,0.01333,0.06,22.67567568,44.75,19.88888889,2,0.888888889,NA,NA,NA,NA,NA,NA,NA,NA,NA,NA,NA,NA,NA,NA,NA,NA,NA,NA,1.22642939941052,"TC_1991","TC_1990","TC_1989",NA,NA,3579.1,NA,NA,NA,19.88888889,NA,0.888888889,NA,20.777777779,NA,0.01333,NA,NA,NA,NA,NA,NA
"30",1991,"TX",89,25,0.280898876404494,141,0.141843971631206,3993.6,10.4228813559322,NA,NA,NA,NA,NA,NA,NA,NA,NA,NA,NA,NA,NA,NA,NA,NA,NA,NA,NA,NA,NA,NA,NA,NA,NA,NA,NA,NA,"TX_1991","TX_1990","TX_1989",NA,NA,3579.1,NA,NA,NA,NA,NA,NA,NA,NA,NA,NA,NA,NA,NA,NA,NA,NA
"31",1992,"GC",90,9,0.1,152,0.282894736842105,3570.6,8.45972602739726,NA,NA,NA,NA,NA,NA,NA,NA,NA,NA,NA,NA,NA,NA,NA,NA,NA,0.92,NA,NA,NA,NA,NA,NA,NA,NA,NA,NA,"GC_1992","GC_1991","GC_1990",NA,NA,3690.1,NA,NA,NA,NA,NA,NA,NA,NA,NA,NA,NA,NA,NA,NA,NA,NA
"32",1992,"GX",90,9,0.1,152,0.282894736842105,3570.6,8.45972602739726,NA,NA,NA,NA,NA,NA,NA,NA,NA,NA,NA,NA,NA,NA,NA,NA,NA,0.92,NA,NA,NA,NA,NA,NA,NA,NA,NA,NA,"GX_1992","GX_1991","GX_1990",NA,NA,3690.1,NA,NA,NA,NA,NA,NA,NA,NA,NA,NA,NA,NA,NA,NA,NA,NA
"33",1992,"HC",90,9,0.1,152,0.282894736842105,3570.6,8.45972602739726,NA,1.06,0.032,0.086,9.274725275,107.34,47.70666667,15.6,6.933333333,0,NA,0.0245554202192448,0.109818578867798,24.2828656820656,0,0.134373999087043,0.134373999087043,0.92,NA,NA,NA,NA,NA,NA,NA,NA,NA,1.10424662271502,"HC_1992","HC_1991","HC_1990",NA,NA,3690.1,NA,NA,20.67555556,47.70666667,1.186666667,6.933333333,21.862222227,54.640000003,0.65,0.032,NA,NA,NA,NA,NA,0.713186514919236
"34",1992,"HX",90,9,0.1,152,0.282894736842105,3570.6,8.45972602739726,NA,NA,NA,NA,NA,NA,NA,NA,NA,NA,NA,NA,NA,NA,NA,NA,NA,0.92,NA,NA,NA,NA,NA,NA,NA,NA,NA,NA,"HX_1992","HX_1991","HX_1990",NA,NA,3690.1,NA,NA,NA,NA,NA,NA,NA,NA,NA,NA,NA,NA,NA,NA,NA,NA
"35",1992,"TC",90,9,0.1,152,0.282894736842105,3570.6,8.45972602739726,NA,0.668,0.046,0.07,7.035087719,127.09,56.48444444,7.11,3.16,0,NA,0.0617911111111111,0,78.2771639268553,0,0.0617911111111111,0.0617911111111111,0.92,NA,NA,NA,NA,NA,NA,NA,NA,NA,0.707737302139438,"TC_1992","TC_1991","TC_1990",NA,NA,3690.1,NA,NA,19.88888889,56.48444444,0.888888889,3.16,20.777777779,59.64444444,1.18133,0.046,NA,NA,NA,NA,NA,1.22642939941052
"36",1992,"TX",90,9,0.1,152,0.282894736842105,3570.6,8.45972602739726,NA,NA,NA,NA,NA,NA,NA,NA,NA,NA,NA,NA,NA,NA,NA,NA,NA,0.92,NA,NA,NA,NA,NA,NA,NA,NA,NA,NA,"TX_1992","TX_1991","TX_1990",NA,NA,3690.1,NA,NA,NA,NA,NA,NA,NA,NA,NA,NA,NA,NA,NA,NA,NA,NA
"37",1993,"GC",89,18,0.202247191011236,151,0.317880794701987,3645.3,9.07458563535912,154.94,NA,NA,NA,NA,NA,NA,NA,NA,NA,NA,NA,NA,NA,NA,NA,NA,0.83,NA,NA,NA,NA,NA,NA,NA,NA,NA,NA,"GC_1993","GC_1992","GC_1991",NA,0.92,3993.6,NA,NA,NA,NA,NA,NA,NA,NA,NA,NA,NA,NA,NA,NA,NA,NA
"38",1993,"GX",89,18,0.202247191011236,151,0.317880794701987,3645.3,9.07458563535912,154.94,NA,NA,NA,NA,NA,NA,NA,NA,NA,NA,NA,NA,NA,NA,NA,NA,0.83,NA,NA,NA,NA,NA,NA,NA,NA,NA,NA,"GX_1993","GX_1992","GX_1991",NA,0.92,3993.6,NA,NA,NA,NA,NA,NA,NA,NA,NA,NA,NA,NA,NA,NA,NA,NA
"39",1993,"HC",89,18,0.202247191011236,151,0.317880794701987,3645.3,9.07458563535912,154.94,0.265,0.039,0.014,14.15384615,51.2,22.75555556,20,8.888888889,7.96007680475256,NA,0.0245554202192448,0.219637157735595,0,7.96007680475256,0.24419257795484,8.2042693827074,0.83,NA,NA,NA,NA,NA,NA,NA,NA,NA,0.297207863245402,"HC_1993","HC_1992","HC_1991",NA,0.92,3993.6,NA,NA,47.70666667,22.75555556,6.933333333,8.888888889,54.640000003,31.644444449,1.06,0.039,0.134373999087043,0,0.134373999087043,NA,NA,1.10424662271502
"40",1993,"HX",89,18,0.202247191011236,151,0.317880794701987,3645.3,9.07458563535912,154.94,NA,NA,NA,NA,NA,NA,NA,NA,NA,NA,NA,NA,NA,NA,NA,NA,0.83,NA,NA,NA,NA,NA,NA,NA,NA,NA,NA,"HX_1993","HX_1992","HX_1991",NA,0.92,3993.6,NA,NA,NA,NA,NA,NA,NA,NA,NA,NA,NA,NA,NA,NA,NA,NA
"41",1993,"TC",89,18,0.202247191011236,151,0.317880794701987,3645.3,9.07458563535912,154.94,0.764,0.077,0.054,10.21621622,69.7,30.97777778,NA,NA,4.67022483992593,NA,0.617911111111111,0.48428729281768,0.192959319458148,4.67022483992593,1.10219840392879,5.77242324385472,0.83,NA,NA,NA,NA,NA,NA,NA,NA,NA,0.795647567581559,"TC_1993","TC_1992","TC_1991",NA,0.92,3993.6,NA,NA,56.48444444,30.97777778,3.16,NA,59.64444444,NA,0.668,0.077,0.0617911111111111,0,0.0617911111111111,NA,NA,0.707737302139438
"42",1993,"TX",89,18,0.202247191011236,151,0.317880794701987,3645.3,9.07458563535912,154.94,NA,NA,NA,NA,NA,NA,NA,NA,NA,NA,NA,NA,NA,NA,NA,NA,0.83,NA,NA,NA,NA,NA,NA,NA,NA,NA,NA,"TX_1993","TX_1992","TX_1991",NA,0.92,3993.6,NA,NA,NA,NA,NA,NA,NA,NA,NA,NA,NA,NA,NA,NA,NA,NA
"43",1994,"GC",89,23,0.258426966292135,151,0.350993377483444,3709.1,9.56342857142857,165.1,NA,NA,NA,NA,NA,NA,NA,NA,NA,NA,NA,NA,NA,NA,NA,NA,0.63,NA,NA,NA,NA,NA,NA,NA,NA,NA,NA,"GC_1994","GC_1993","GC_1992",0.92,0.83,3570.6,NA,NA,NA,NA,NA,NA,NA,NA,NA,NA,NA,NA,NA,NA,NA,NA
"44",1994,"GX",89,23,0.258426966292135,151,0.350993377483444,3709.1,9.56342857142857,165.1,NA,NA,NA,NA,NA,NA,NA,NA,NA,NA,NA,NA,NA,NA,NA,NA,0.63,NA,NA,NA,NA,NA,NA,NA,NA,NA,NA,"GX_1994","GX_1993","GX_1992",0.92,0.83,3570.6,NA,NA,NA,NA,NA,NA,NA,NA,NA,NA,NA,NA,NA,NA,NA,NA
"45",1994,"HC",89,23,0.258426966292135,151,0.350993377483444,3709.1,9.56342857142857,165.1,0.89,0.105,0.035,17.875,8.4,3.733333333,11.7,5.2,9.77773213812125,NA,0.0736662606577344,1.75709726188476,22.8304325945402,9.77773213812125,1.8307635225425,11.6084956606638,0.63,NA,NA,NA,NA,NA,NA,NA,NA,NA,0.896673333332737,"HC_1994","HC_1993","HC_1992",0.92,0.83,3570.6,0.134373999087043,24.2828656820656,22.75555556,3.733333333,8.888888889,5.2,31.644444449,8.933333333,0.265,0.105,8.2042693827074,7.96007680475256,0.24419257795484,0,0.134373999087043,0.297207863245402
"46",1994,"HX",89,23,0.258426966292135,151,0.350993377483444,3709.1,9.56342857142857,165.1,NA,NA,NA,NA,NA,NA,NA,NA,NA,NA,NA,NA,NA,NA,NA,NA,0.63,NA,NA,NA,NA,NA,NA,NA,NA,NA,NA,"HX_1994","HX_1993","HX_1992",0.92,0.83,3570.6,NA,NA,NA,NA,NA,NA,NA,NA,NA,NA,NA,NA,NA,NA,NA,NA
"47",1994,"TC",89,23,0.258426966292135,151,0.350993377483444,3709.1,9.56342857142857,165.1,1.3,0.2225,0.0725,27.4,9.9,4.4,1,0.444444444,39.3491284385249,NA,0.247164444444444,0.24214364640884,143.561733676862,39.3491284385249,0.489308090853284,39.8384365293781,0.63,NA,NA,NA,NA,NA,NA,NA,NA,NA,1.312056,"TC_1994","TC_1993","TC_1992",0.92,0.83,3570.6,0.0617911111111111,78.2771639268553,30.97777778,4.4,NA,0.444444444,NA,4.844444444,0.764,0.2225,5.77242324385472,4.67022483992593,1.10219840392879,0,0.0617911111111111,0.795647567581559
"48",1994,"TX",89,23,0.258426966292135,151,0.350993377483444,3709.1,9.56342857142857,165.1,NA,NA,NA,NA,NA,NA,NA,NA,NA,NA,NA,NA,NA,NA,NA,NA,0.63,NA,NA,NA,NA,NA,NA,NA,NA,NA,NA,"TX_1994","TX_1993","TX_1992",0.92,0.83,3570.6,NA,NA,NA,NA,NA,NA,NA,NA,NA,NA,NA,NA,NA,NA,NA,NA
"49",1995,"GC",89,21,0.235955056179775,151,0.178807947019868,3784,9.1325,53.34,7.546666667,0.022222222,0.046666667,17.69620253,103,45.77777778,74.2,32.97777778,NA,NA,NA,NA,NA,NA,NA,NA,0.79,6,21,NA,NA,0.36734693877551,NA,NA,NA,0.36734693877551,7.62767594969682,"GC_1995","GC_1994","GC_1993",0.83,0.63,3645.3,NA,NA,NA,45.77777778,NA,32.97777778,NA,78.75555556,NA,0.022222222,NA,NA,NA,NA,NA,NA
"50",1995,"GX",89,21,0.235955056179775,151,0.178807947019868,3784,9.1325,53.34,4.233333333,0.024444444,0.028888889,16.41176471,NA,NA,NA,NA,NA,NA,NA,NA,NA,NA,NA,NA,0.79,4,27,NA,NA,0.19047619047619,NA,NA,NA,0.19047619047619,NA,"GX_1995","GX_1994","GX_1993",0.83,0.63,3645.3,NA,NA,NA,NA,NA,NA,NA,NA,NA,0.024444444,NA,NA,NA,NA,NA,NA
"51",1995,"HC",89,21,0.235955056179775,151,0.178807947019868,3784,9.1325,53.34,1.871111111,0.013333333,0.02,7.974683544,100.5,44.66666667,56.1,24.93333333,2.31907749429799,NA,0,0.109818578867798,0,2.31907749429799,0.109818578867798,2.42889607316579,0.79,3,10,NA,NA,0.385714285714286,NA,NA,NA,0.385714285714286,1.90673136416586,"HC_1995","HC_1994","HC_1993",0.83,0.63,3645.3,8.2042693827074,0,3.733333333,44.66666667,5.2,24.93333333,8.933333333,69.6,0.89,0.013333333,11.6084956606638,9.77773213812125,1.8307635225425,7.96007680475256,0.24419257795484,0.896673333332737
"52",1995,"HX",89,21,0.235955056179775,151,0.178807947019868,3784,9.1325,53.34,1.995555556,0.042222222,0.042222222,23.40540541,NA,NA,NA,NA,NA,NA,NA,NA,NA,NA,NA,NA,0.79,5,25,NA,NA,0.257142857142857,NA,NA,NA,0.257142857142857,NA,"HX_1995","HX_1994","HX_1993",0.83,0.63,3645.3,NA,NA,NA,NA,NA,NA,NA,NA,NA,0.042222222,NA,NA,NA,NA,NA,NA
"53",1995,"TC",89,21,0.235955056179775,151,0.178807947019868,3784,9.1325,53.34,2.384444444,0.064444444,0.024444444,11,179.6,79.82222222,73.8,32.8,2.58352863485264,NA,0,0.24214364640884,0.257279092610864,2.58352863485264,0.24214364640884,2.82567228126148,0.79,13,32,NA,NA,0.522321428571429,NA,NA,NA,0.522321428571429,2.472248888442,"TC_1995","TC_1994","TC_1993",0.83,0.63,3645.3,5.77242324385472,0.192959319458148,4.4,79.82222222,0.444444444,32.8,4.844444444,112.62222222,1.3,0.064444444,39.8384365293781,39.3491284385249,0.489308090853284,4.67022483992593,1.10219840392879,1.312056
"54",1995,"TX",89,21,0.235955056179775,151,0.178807947019868,3784,9.1325,53.34,2.208888889,0.075555556,0.097777778,40.84210526,NA,NA,NA,NA,NA,NA,NA,NA,NA,NA,NA,NA,0.79,12,31,NA,NA,0.497695852534562,NA,NA,NA,0.497695852534562,NA,"TX_1995","TX_1994","TX_1993",0.83,0.63,3645.3,NA,NA,NA,NA,NA,NA,NA,NA,NA,0.075555556,NA,NA,NA,NA,NA,NA
"55",1996,"GC",90,13,0.144444444444444,152,0.394736842105263,3646.1,8.74630136986301,233.68,0.884444444,0.126666667,0.042222222,14.5,12.1,5.377777778,28.1,12.48888889,NA,NA,NA,NA,NA,NA,NA,NA,0.67,30,81,NA,NA,0.476190476190476,NA,NA,NA,0.476190476190476,0.8922422217781,"GC_1996","GC_1995","GC_1994",0.63,0.79,3709.1,NA,NA,45.77777778,5.377777778,32.97777778,12.48888889,78.75555556,17.866666668,7.546666667,0.126666667,NA,NA,NA,NA,NA,7.62767594969682
"56",1996,"GX",90,13,0.144444444444444,152,0.394736842105263,3646.1,8.74630136986301,233.68,3.037777778,0.064444444,0.008888889,13.63636364,11.1,4.933333333,2.6,1.155555556,NA,NA,NA,NA,NA,NA,NA,NA,0.67,12,33,NA,NA,0.467532467532468,NA,NA,NA,0.467532467532468,3.04450505072861,"GX_1996","GX_1995","GX_1994",0.63,0.79,3709.1,NA,NA,NA,4.933333333,NA,1.155555556,NA,6.088888889,4.233333333,0.064444444,NA,NA,NA,NA,NA,NA
"57",1996,"HC",90,13,0.144444444444444,152,0.394736842105263,3646.1,8.74630136986301,233.68,0.844444444,0.122222222,0.026666667,15.5,0,0,0,0,3.50995512650506,NA,0.245554202192448,2.41600873509155,0,3.50995512650506,2.661562937284,6.17151806378906,0.67,29,78,NA,NA,0.478021978021978,NA,NA,NA,0.478021978021978,0.844444444,"HC_1996","HC_1995","HC_1994",0.63,0.79,3709.1,11.6084956606638,22.8304325945402,44.66666667,0,24.93333333,0,69.6,0,1.871111111,0.122222222,2.42889607316579,2.31907749429799,0.109818578867798,9.77773213812125,1.8307635225425,1.90673136416586
"58",1996,"HX",90,13,0.144444444444444,152,0.394736842105263,3646.1,8.74630136986301,233.68,9.78,0.191111111,0.013333333,29.89473684,15.8,7.022222222,13.2,5.866666667,NA,NA,NA,NA,NA,NA,NA,NA,0.67,42,95,NA,NA,0.568421052631579,NA,NA,NA,0.568421052631579,9.80099274853587,"HX_1996","HX_1995","HX_1994",0.63,0.79,3709.1,NA,NA,NA,7.022222222,NA,5.866666667,NA,12.888888889,1.995555556,0.191111111,NA,NA,NA,NA,NA,NA
"59",1996,"TC",90,13,0.144444444444444,152,0.394736842105263,3646.1,8.74630136986301,233.68,1.486666667,0.362222222,0.088888889,44,14.7,6.533333333,13.2,5.866666667,0.0993664859558709,NA,0.494328888888889,7.99074033149171,0.32159886576358,0.0993664859558709,8.4850692203806,8.58443570633647,0.67,51,88,NA,NA,0.74512987012987,NA,NA,NA,0.74512987012987,1.5154133336652,"TC_1996","TC_1995","TC_1994",0.63,0.79,3709.1,39.8384365293781,143.561733676862,79.82222222,6.533333333,32.8,5.866666667,112.62222222,12.4,2.384444444,0.362222222,2.82567228126148,2.58352863485264,0.24214364640884,39.3491284385249,0.489308090853284,2.472248888442
"60",1996,"TX",90,13,0.144444444444444,152,0.394736842105263,3646.1,8.74630136986301,233.68,12.96,0.397777778,0.068888889,60.2,8.8,3.911111111,19,8.444444444,NA,NA,NA,NA,NA,NA,NA,NA,0.67,32,67,NA,NA,0.61407249466951,NA,NA,NA,0.61407249466951,12.9835448888882,"TX_1996","TX_1995","TX_1994",0.63,0.79,3709.1,NA,NA,NA,3.911111111,NA,8.444444444,NA,12.355555555,2.208888889,0.397777778,NA,NA,NA,NA,NA,NA
"61",1997,"GC",89,18,0.202247191011236,151,0.165562913907285,3584.8,8.87768595041322,88.9,0.286666667,0.015555556,0.026666667,24.7037037,52.9,23.51111111,34.9,15.51111111,NA,NA,NA,NA,NA,NA,NA,NA,0.62,2,15,NA,NA,0.171428571428571,NA,NA,NA,0.171428571428571,0.344747819251922,"GC_1997","GC_1996","GC_1995",0.79,0.67,3784,NA,NA,5.377777778,23.51111111,12.48888889,15.51111111,17.866666668,39.02222222,0.884444444,0.015555556,NA,NA,NA,NA,NA,0.8922422217781
"62",1997,"GX",89,18,0.202247191011236,151,0.165562913907285,3584.8,8.87768595041322,88.9,1.08,0.037777778,0.015555556,17.71428571,NA,NA,23,10.22222222,NA,NA,NA,NA,NA,NA,NA,NA,0.62,12,49,NA,NA,0.314868804664723,NA,NA,NA,0.314868804664723,NA,"GX_1997","GX_1996","GX_1995",0.79,0.67,3784,NA,NA,4.933333333,NA,1.155555556,10.22222222,6.088888889,NA,3.037777778,0.037777778,NA,NA,NA,NA,NA,3.04450505072861
"63",1997,"HC",89,18,0.202247191011236,151,0.165562913907285,3584.8,8.87768595041322,88.9,2.073333333,0.031111111,0.028888889,16.14285714,23.7,10.53333333,25.2,11.2,2.06836641383334,NA,0,0.219637157735595,0,2.06836641383334,0.219637157735595,2.28800357156894,0.62,10,30,NA,NA,0.428571428571429,NA,NA,NA,0.428571428571429,2.09033714251542,"HC_1997","HC_1996","HC_1995",0.79,0.67,3784,2.42889607316579,0,0,10.53333333,0,11.2,0,21.73333333,0.844444444,0.031111111,6.17151806378906,3.50995512650506,2.661562937284,2.31907749429799,0.109818578867798,0.844444444
"64",1997,"HX",89,18,0.202247191011236,151,0.165562913907285,3584.8,8.87768595041322,88.9,1.753333333,0.035555556,0.073333333,61.08333333,NA,NA,20.8,9.244444444,NA,NA,NA,NA,NA,NA,NA,NA,0.62,7,48,NA,NA,0.1875,NA,NA,NA,0.1875,NA,"HX_1997","HX_1996","HX_1995",0.79,0.67,3784,NA,NA,7.022222222,NA,5.866666667,9.244444444,12.888888889,NA,9.78,0.035555556,NA,NA,NA,NA,NA,9.80099274853587
"65",1997,"TC",89,18,0.202247191011236,151,0.165562913907285,3584.8,8.87768595041322,88.9,1,0.048888889,0.048888889,25.65,50.2,22.31111111,17.6,7.822222222,13.3151091180867,NA,0,2.66358011049724,0,13.3151091180867,2.66358011049724,15.9786892285839,0.62,32,68,NA,NA,0.605042016806723,NA,NA,NA,0.605042016806723,1.05722799999715,"TC_1997","TC_1996","TC_1995",0.79,0.67,3784,2.82567228126148,0.257279092610864,6.533333333,22.31111111,5.866666667,7.822222222,12.4,30.133333332,1.486666667,0.048888889,8.58443570633647,0.0993664859558709,8.4850692203806,2.58352863485264,0.24214364640884,1.5154133336652
"66",1997,"TX",89,18,0.202247191011236,151,0.165562913907285,3584.8,8.87768595041322,88.9,0.204444444,0.046666667,0.044444444,22.38461538,NA,NA,52.8,23.46666667,NA,NA,NA,NA,NA,NA,NA,NA,0.62,17,56,NA,NA,0.39030612244898,NA,NA,NA,0.39030612244898,NA,"TX_1997","TX_1996","TX_1995",0.79,0.67,3784,NA,NA,3.911111111,NA,8.444444444,23.46666667,12.355555555,NA,12.96,0.046666667,NA,NA,NA,NA,NA,12.9835448888882
"67",1998,"GC",89,23,0.258426966292135,151,0.0993377483443709,3891.1,10.757182320442,50.8,0.7425,0.0475,0.0425,10.42857143,75.8,33.68888889,36.2,16.08888889,NA,NA,NA,NA,NA,NA,NA,NA,0.76,14,36,NA,NA,0.5,NA,NA,NA,0.5,0.77763269841867,"GC_1998","GC_1997","GC_1996",0.67,0.62,3646.1,NA,NA,23.51111111,33.68888889,15.51111111,16.08888889,39.02222222,49.77777778,0.286666667,0.0475,NA,NA,NA,NA,NA,0.344747819251922
"68",1998,"GX",89,23,0.258426966292135,151,0.0993377483443709,3891.1,10.757182320442,50.8,0.755,0.04,0.01,20.90410959,76.1,33.82222222,NA,NA,NA,NA,NA,NA,NA,NA,NA,NA,0.76,17,40,NA,NA,0.546428571428571,NA,NA,NA,0.546428571428571,0.825702343986421,"GX_1998","GX_1997","GX_1996",0.67,0.62,3646.1,NA,NA,NA,33.82222222,10.22222222,NA,NA,NA,1.08,0.04,NA,NA,NA,NA,NA,NA
"69",1998,"HC",89,23,0.258426966292135,151,0.0993377483443709,3891.1,10.757182320442,50.8,1.7275,0.1275,0.03,16.79310345,36,16,9.5,4.222222222,1.69229979313637,NA,0.540219244823386,10.6524021501764,5.628178214161,1.69229979313637,11.1926213949998,12.8849211881361,0.76,34,91,NA,NA,0.480376766091052,NA,NA,NA,0.480376766091052,1.75436896552,"HC_1998","HC_1997","HC_1996",0.67,0.62,3646.1,6.17151806378906,0,10.53333333,16,11.2,4.222222222,21.73333333,20.222222222,2.073333333,0.1275,2.28800357156894,2.06836641383334,0.219637157735595,3.50995512650506,2.661562937284,2.09033714251542
"70",1998,"HX",89,23,0.258426966292135,151,0.0993377483443709,3891.1,10.757182320442,50.8,1.86,0.135,0.015,20.88461538,59.9,26.62222222,NA,NA,NA,NA,NA,NA,NA,NA,NA,NA,0.76,33,92,NA,NA,0.461180124223602,NA,NA,NA,0.461180124223602,1.91559948716256,"HX_1998","HX_1997","HX_1996",0.67,0.62,3646.1,NA,NA,NA,26.62222222,9.244444444,NA,NA,NA,1.753333333,0.135,NA,NA,NA,NA,NA,NA
"71",1998,"TC",89,23,0.258426966292135,151,0.0993377483443709,3891.1,10.757182320442,50.8,1.9775,0.115,0.06,17.85074627,80.9,35.95555556,23.7,10.53333333,1.6892302612498,NA,4.26358666666667,31.4786740331492,57.2445981059172,1.6892302612498,35.7422606998158,37.4314909610656,0.76,28,69,NA,NA,0.521739130434783,NA,NA,NA,0.521739130434783,2.04168334992985,"TC_1998","TC_1997","TC_1996",0.67,0.62,3646.1,8.58443570633647,0.32159886576358,22.31111111,35.95555556,7.822222222,10.53333333,30.133333332,46.48888889,1,0.115,15.9786892285839,13.3151091180867,2.66358011049724,0.0993664859558709,8.4850692203806,1.05722799999715
"72",1998,"TX",89,23,0.258426966292135,151,0.0993377483443709,3891.1,10.757182320442,50.8,1.4225,0.1125,0.06,16.171875,68.7,30.53333333,NA,NA,NA,NA,NA,NA,NA,NA,NA,NA,0.76,26,70,NA,NA,0.477551020408163,NA,NA,NA,0.477551020408163,1.47187812499461,"TX_1998","TX_1997","TX_1996",0.67,0.62,3646.1,NA,NA,NA,30.53333333,23.46666667,NA,NA,NA,0.204444444,0.1125,NA,NA,NA,NA,NA,NA
"73",1999,"GC",89,20,0.224719101123595,151,0.218543046357616,3991.9,10.3615598885794,71.12,1.426666667,0.033333333,0.062222222,34.24166667,121.8,54.13333333,17.2,7.644444444,0,0.64,0,0,0,0.64,0,0.64,0.97,19,47,NA,NA,0.519756838905775,NA,NA,NA,0.519756838905775,1.61202822256219,"GC_1999","GC_1998","GC_1997",0.62,0.76,3584.8,NA,NA,33.68888889,54.13333333,16.08888889,7.644444444,49.77777778,61.777777774,0.7425,0.033333333,NA,NA,NA,NA,NA,0.77763269841867
"74",1999,"GX",89,20,0.224719101123595,151,0.218543046357616,3991.9,10.3615598885794,71.12,0.922222222,0.115555556,0.031111111,28.5060241,86.6,38.48888889,5.4,2.4,0,1.2,0,0,0,1.2,0,1.2,0.97,37,89,NA,NA,0.534510433386838,NA,NA,NA,0.534510433386838,1.03193874142806,"GX_1999","GX_1998","GX_1997",0.62,0.76,3584.8,NA,NA,33.82222222,38.48888889,NA,2.4,NA,40.88888889,0.755,0.115555556,NA,NA,NA,NA,NA,0.825702343986421
"75",1999,"HC",89,20,0.224719101123595,151,0.218543046357616,3991.9,10.3615598885794,71.12,1.686666667,0.084444444,0.011111111,32.125,67.3,29.91111111,17.3,7.688888889,0,0,0,0,0,0,0,0,0.97,31,90,NA,NA,0.442857142857143,NA,NA,NA,0.442857142857143,1.78275611144087,"HC_1999","HC_1998","HC_1997",0.62,0.76,3584.8,2.28800357156894,0,16,29.91111111,4.222222222,7.688888889,20.222222222,37.599999999,1.7275,0.084444444,12.8849211881361,1.69229979313637,11.1926213949998,2.06836641383334,0.219637157735595,1.75436896552
"76",1999,"HX",89,20,0.224719101123595,151,0.218543046357616,3991.9,10.3615598885794,71.12,0.653333333,0.073333333,0.026666667,26.15384615,82.6,36.71111111,14.6,6.488888889,0,0.44,0,0,0,0.44,0,0.44,0.97,23,67,NA,NA,0.44136460554371,NA,NA,NA,0.44136460554371,0.74934700819665,"HX_1999","HX_1998","HX_1997",0.62,0.76,3584.8,NA,NA,26.62222222,36.71111111,NA,6.488888889,NA,43.199999999,1.86,0.073333333,NA,NA,NA,NA,NA,1.91559948716256
"77",1999,"TC",89,20,0.224719101123595,151,0.218543046357616,3991.9,10.3615598885794,71.12,1.393333333,0.117777778,0.082222222,31.44736842,80.1,35.6,25.6,11.37777778,0,0.16,0,0,0,0.16,0,0.16,0.97,63,92,NA,NA,0.880434782608696,NA,NA,NA,0.880434782608696,1.5052859645752,"TC_1999","TC_1998","TC_1997",0.62,0.76,3584.8,15.9786892285839,0,35.95555556,35.6,10.53333333,11.37777778,46.48888889,46.97777778,1.9775,0.117777778,37.4314909610656,1.6892302612498,35.7422606998158,13.3151091180867,2.66358011049724,2.04168334992985
"78",1999,"TX",89,20,0.224719101123595,151,0.218543046357616,3991.9,10.3615598885794,71.12,0.604444444,0.08,0.053333333,21.17333333,77.5,34.44444444,34.5,15.33333333,0,0.56,0,0,0,0.56,0,0.56,0.97,45,86,NA,NA,0.672757475083056,NA,NA,NA,0.672757475083056,0.677374814349478,"TX_1999","TX_1998","TX_1997",0.62,0.76,3584.8,NA,NA,30.53333333,34.44444444,NA,15.33333333,NA,49.77777777,1.4225,0.08,NA,NA,NA,NA,NA,1.47187812499461
"79",2000,"GC",90,24,0.266666666666667,152,0.203947368421053,3840.6,8.92459016393443,81.28,1.557777778,0.171111111,0.011111111,39.27272727,24.4,10.84444444,11.7,5.2,0.04,2.4,0,0.84,7.64,2.44,0.84,3.28,0.64,47,88,NA,NA,0.686688311688312,NA,NA,NA,0.686688311688312,1.60036686888868,"GC_2000","GC_1999","GC_1998",0.76,0.97,3891.1,NA,NA,54.13333333,10.84444444,7.644444444,5.2,61.777777774,16.04444444,1.426666667,0.171111111,0.64,0.64,0,NA,NA,1.61202822256219
"80",2000,"GX",90,24,0.266666666666667,152,0.203947368421053,3840.6,8.92459016393443,81.28,1.402222222,0.168888889,0,36.70588235,16.2,7.2,5.4,2.4,0.04,0.64,0,10.2,1,0.68,10.2,10.88,0.64,48,105,NA,NA,0.587755102040816,NA,NA,NA,0.587755102040816,1.428650457292,"GX_2000","GX_1999","GX_1998",0.76,0.97,3891.1,NA,NA,38.48888889,7.2,2.4,2.4,40.88888889,9.6,0.922222222,0.168888889,1.2,1.2,0,NA,NA,1.03193874142806
"81",2000,"HC",90,24,0.266666666666667,152,0.203947368421053,3840.6,8.92459016393443,81.28,3.64,0.175555556,0.002222222,31.4,5.7,2.533333333,0.3,0.133333333,0.36,0.28,0,1.04,6.92,0.64,1.04,1.68,0.64,23,54,NA,NA,0.547619047619048,NA,NA,NA,0.547619047619048,3.64795466666562,"HC_2000","HC_1999","HC_1998",0.76,0.97,3891.1,12.8849211881361,5.628178214161,29.91111111,2.533333333,7.688888889,0.133333333,37.599999999,2.666666666,1.686666667,0.175555556,0,0,0,1.69229979313637,11.1926213949998,1.78275611144087
"82",2000,"HX",90,24,0.266666666666667,152,0.203947368421053,3840.6,8.92459016393443,81.28,2.504444444,0.275555556,0,38.88888889,25.9,11.51111111,4.8,2.133333333,0.08,0.04,0,0.68,32.52,0.12,0.68,0.8,0.64,44,127,NA,NA,0.445444319460067,NA,NA,NA,0.445444319460067,2.54920987609572,"HX_2000","HX_1999","HX_1998",0.76,0.97,3891.1,NA,NA,36.71111111,11.51111111,6.488888889,2.133333333,43.199999999,13.644444443,0.653333333,0.275555556,0.44,0.44,0,NA,NA,0.74934700819665
"83",2000,"TC",90,24,0.266666666666667,152,0.203947368421053,3840.6,8.92459016393443,81.28,5.151111111,0.275555556,0.008888889,35.42857143,9.7,4.311111111,5.9,2.622222222,0,0.08,0,1.36,15.12,0.08,1.36,1.44,0.64,76,173,NA,NA,0.564822460776218,NA,NA,NA,0.564822460776218,5.16638476179387,"TC_2000","TC_1999","TC_1998",0.76,0.97,3891.1,37.4314909610656,57.2445981059172,35.6,4.311111111,11.37777778,2.622222222,46.97777778,6.933333333,1.393333333,0.275555556,0.16,0.16,0,1.6892302612498,35.7422606998158,1.5052859645752
"84",2000,"TX",90,24,0.266666666666667,152,0.203947368421053,3840.6,8.92459016393443,81.28,2.002222222,0.151111111,0.008888889,17,8.5,3.777777778,9.1,4.044444444,0.08,1.04,0,0.36,7.6,1.12,0.36,1.48,0.64,21,83,NA,NA,0.325301204819277,NA,NA,NA,0.325301204819277,2.0086444442226,"TX_2000","TX_1999","TX_1998",0.76,0.97,3891.1,NA,NA,34.44444444,3.777777778,15.33333333,4.044444444,49.77777777,7.822222222,0.604444444,0.151111111,0.56,0.56,0,NA,NA,0.677374814349478
"85",2001,"GC",89,16,0.179775280898876,151,0.344370860927152,3677.7,9.98347107438017,132.08,1.244444444,0.051111111,0.022222222,25.33333333,52.1,23.15555556,10.3,4.577777778,1.48,4.88,0,0.84,0.04,6.36,0.84,7.2,0.62,16,41,NA,NA,0.501742160278746,NA,NA,NA,0.501742160278746,1.30310518474428,"GC_2001","GC_2000","GC_1999",0.97,0.64,3991.9,0.64,0,10.84444444,23.15555556,5.2,4.577777778,16.04444444,27.733333338,1.557777778,0.051111111,3.28,2.44,0.84,0.64,0,1.60036686888868
"86",2001,"GX",89,16,0.179775280898876,151,0.344370860927152,3677.7,9.98347107438017,132.08,1.464444444,0.135555556,0.004444444,23.14634146,41.2,18.31111111,14.5,6.444444444,1.84,35.84,0.28,0.56,0,37.68,0.84,38.52,0.62,12,47,NA,NA,0.328267477203647,NA,NA,NA,0.328267477203647,1.50682796702641,"GX_2001","GX_2000","GX_1999",0.97,0.64,3991.9,1.2,0,7.2,18.31111111,2.4,6.444444444,9.6,24.755555554,1.402222222,0.135555556,10.88,0.68,10.2,1.2,0,1.428650457292
"87",2001,"HC",89,16,0.179775280898876,151,0.344370860927152,3677.7,9.98347107438017,132.08,1.364444444,0.1,0.015555556,13.38,53.5,23.77777778,6,2.666666667,5.52,0,0,1.84,0.04,5.52,1.84,7.36,0.62,18,53,NA,NA,0.436657681940701,NA,NA,NA,0.436657681940701,1.39625911066964,"HC_2001","HC_2000","HC_1999",0.97,0.64,3991.9,0,0,2.533333333,23.77777778,0.133333333,2.666666667,2.666666666,26.444444447,3.64,0.1,1.68,0.64,1.04,0,0,3.64795466666562
"88",2001,"HX",89,16,0.179775280898876,151,0.344370860927152,3677.7,9.98347107438017,132.08,0.775555556,0.075555556,0.015555556,17.46551724,63.3,28.13333333,9.9,4.4,2.6,0.04,0,1.92,0,2.64,1.92,4.56,0.62,26,60,NA,NA,0.557142857142857,NA,NA,NA,0.557142857142857,0.824691877829378,"HX_2001","HX_2000","HX_1999",0.97,0.64,3991.9,0.44,0,11.51111111,28.13333333,2.133333333,4.4,13.644444443,32.53333333,2.504444444,0.075555556,0.8,0.12,0.68,0.44,0,2.54920987609572
"89",2001,"TC",89,16,0.179775280898876,151,0.344370860927152,3677.7,9.98347107438017,132.08,1.451111111,0.084444444,0.008888889,20.78846154,51.8,23.02222222,11,4.888888889,12.44,0.08,0.32,0.92,0.04,12.52,1.24,13.76,0.62,23,53,NA,NA,0.557951482479784,NA,NA,NA,0.557951482479784,1.49897076911858,"TC_2001","TC_2000","TC_1999",0.97,0.64,3991.9,0.16,0,4.311111111,23.02222222,2.622222222,4.888888889,6.933333333,27.911111109,5.151111111,0.084444444,1.44,0.08,1.36,0.16,0,5.16638476179387
"90",2001,"TX",89,16,0.179775280898876,151,0.344370860927152,3677.7,9.98347107438017,132.08,1.788888889,0.084444444,0.015555556,29.96491228,62,27.55555556,15,6.666666667,3.08,2.04,0.24,0.4,0.12,5.12,0.64,5.76,0.62,14,50,NA,NA,0.36,NA,NA,NA,0.36,1.87145886951821,"TX_2001","TX_2000","TX_1999",0.97,0.64,3991.9,0.56,0,3.777777778,27.55555556,4.044444444,6.666666667,7.822222222,34.222222227,2.002222222,0.084444444,1.48,1.12,0.36,0.56,0,2.0086444442226
"91",2002,"GC",89,27,0.303370786516854,151,0.119205298013245,4174.6,10.4862258953168,48.26,0.102222222,0.031111111,0.011111111,28.85849057,101.3,45.02222222,17.4,7.733333333,5.36,0.92,0.04,0.16,0.2,6.28,0.2,6.64,0.66,2,20,NA,NA,0.128571428571429,NA,NA,NA,0.128571428571429,0.232149559537631,"GC_2002","GC_2001","GC_2000",0.64,0.62,3840.6,3.28,7.64,23.15555556,45.02222222,4.577777778,7.733333333,27.733333338,52.755555553,1.244444444,0.031111111,7.2,6.36,0.84,2.44,0.84,1.30310518474428
"92",2002,"GX",89,27,0.303370786516854,151,0.119205298013245,4174.6,10.4862258953168,48.26,0.431111111,0.028888889,0.006666667,22.47916667,94.6,42.04444444,6.2,2.755555556,1.88,0.32,0.16,0.84,0,2.2,1,3.76,0.66,5,18,NA,NA,0.357142857142857,NA,NA,NA,0.357142857142857,0.525623518411432,"GX_2002","GX_2001","GX_2000",0.64,0.62,3840.6,10.88,1,18.31111111,42.04444444,6.444444444,2.755555556,24.755555554,44.799999996,1.464444444,0.028888889,38.52,37.68,0.84,0.68,10.2,1.50682796702641
"93",2002,"HC",89,27,0.303370786516854,151,0.119205298013245,4174.6,10.4862258953168,48.26,0.868888889,0.057777778,0.006666667,29.01818182,61.4,27.28888889,32.7,14.53333333,4.28,0.04,0.04,1.08,0,4.32,1.12,5.44,0.66,12,30,NA,NA,0.514285714285714,NA,NA,NA,0.514285714285714,0.94807628294758,"HC_2002","HC_2001","HC_2000",0.64,0.62,3840.6,1.68,6.92,23.77777778,27.28888889,2.666666667,14.53333333,26.444444447,41.82222222,1.364444444,0.057777778,7.36,5.52,1.84,0.64,1.04,1.39625911066964
"94",2002,"HX",89,27,0.303370786516854,151,0.119205298013245,4174.6,10.4862258953168,48.26,0.355555556,0.122222222,0.004444444,21.54098361,64,28.44444444,18.7,8.311111111,3.48,0,0,0.28,1.44,3.48,0.28,3.76,0.66,14,67,NA,NA,0.26865671641791,NA,NA,NA,0.26865671641791,0.41682768714776,"HX_2002","HX_2001","HX_2000",0.64,0.62,3840.6,0.8,32.52,28.13333333,28.44444444,4.4,8.311111111,32.53333333,36.755555551,0.775555556,0.122222222,4.56,2.64,1.92,0.12,0.68,0.824691877829378
"95",2002,"TC",89,27,0.303370786516854,151,0.119205298013245,4174.6,10.4862258953168,48.26,0.417777778,0.075555556,0.024444444,17,86.3,38.35555556,20.1,8.933333333,7.28,0,0.08,0.24,0.2,7.28,0.32,7.68,0.66,21,53,NA,NA,0.509433962264151,NA,NA,NA,0.509433962264151,0.482982222452,"TC_2002","TC_2001","TC_2000",0.64,0.62,3840.6,1.44,15.12,23.02222222,38.35555556,4.888888889,8.933333333,27.911111109,47.288888893,1.451111111,0.075555556,13.76,12.52,1.24,0.08,1.36,1.49897076911858
"96",2002,"TX",89,27,0.303370786516854,151,0.119205298013245,4174.6,10.4862258953168,48.26,0.611111111,0.08,0.015555556,16.19277108,89.1,39.6,22.9,10.17777778,8.16,0.24,0.04,0.16,0.04,8.4,0.2,8.68,0.66,21,56,NA,NA,0.482142857142857,NA,NA,NA,0.482142857142857,0.6752344844768,"TX_2002","TX_2001","TX_2000",0.64,0.62,3840.6,1.48,7.6,27.55555556,39.6,6.666666667,10.17777778,34.222222227,49.77777778,1.788888889,0.08,5.76,5.12,0.64,1.12,0.36,1.87145886951821
"97",2003,"GC",89,25,0.280898876404494,151,0.337748344370861,3620.1,8.97198879551821,231.14,1.04,0.124444444,0.008888889,9.240963855,89.8,39.91111111,18,8,3.48,0.84,0.16,0.68,20.8,4.32,0.84,5.16,0.55,24,47,NA,NA,0.656534954407295,NA,NA,NA,0.656534954407295,1.07688171351804,"GC_2003","GC_2002","GC_2001",0.62,0.66,3677.7,7.2,0.04,45.02222222,39.91111111,7.733333333,8,52.755555553,47.91111111,0.102222222,0.124444444,6.64,6.28,0.2,6.36,0.84,0.232149559537631
"98",2003,"GX",89,25,0.280898876404494,151,0.337748344370861,3620.1,8.97198879551821,231.14,0.206666667,0.073333333,0,7,53.4,23.73333333,18.3,8.133333333,1.52,1.04,0.2,1.92,0.8,2.56,2.12,4.68,0.55,13,31,NA,NA,0.539170506912442,NA,NA,NA,0.539170506912442,0.223280000331,"GX_2003","GX_2002","GX_2001",0.62,0.66,3677.7,38.52,0,42.04444444,23.73333333,2.755555556,8.133333333,44.799999996,31.866666663,0.431111111,0.073333333,3.76,2.2,1,37.68,0.84,0.525623518411432
"99",2003,"HC",89,25,0.280898876404494,151,0.337748344370861,3620.1,8.97198879551821,231.14,12.70666667,0.075555556,0.015555556,48.90909091,63,28,16.5,7.333333333,2.44,0.04,0,1.88,14.08,2.48,1.88,4.36,0.55,7,26,NA,NA,0.346153846153846,NA,NA,NA,0.346153846153846,12.843612124548,"HC_2003","HC_2002","HC_2001",0.62,0.66,3677.7,7.36,0.04,27.28888889,28,14.53333333,7.333333333,41.82222222,35.333333333,0.868888889,0.075555556,5.44,4.32,1.12,5.52,1.84,0.94807628294758
"100",2003,"HX",89,25,0.280898876404494,151,0.337748344370861,3620.1,8.97198879551821,231.14,1.982222222,0.2,0.011111111,27.05882353,75.9,33.73333333,15.7,6.977777778,0.44,0.68,0,0,216.24,1.12,0,1.12,0.55,9,54,NA,NA,0.214285714285714,NA,NA,NA,0.214285714285714,2.07350065336551,"HX_2003","HX_2002","HX_2001",0.62,0.66,3677.7,4.56,0,28.44444444,33.73333333,8.311111111,6.977777778,36.755555551,40.711111108,0.355555556,0.2,3.76,3.48,0.28,2.64,1.92,0.41682768714776
"101",2003,"TC",89,25,0.280898876404494,151,0.337748344370861,3620.1,8.97198879551821,231.14,1.613333333,0.148888889,0.06,33.81333333,81.4,36.17777778,41.4,18.4,1.52,0.72,0.12,0.32,18.04,2.24,0.44,2.68,0.55,11,32,NA,NA,0.441964285714286,NA,NA,NA,0.441964285714286,1.73566245892138,"TC_2003","TC_2002","TC_2001",0.62,0.66,3677.7,13.76,0.04,38.35555556,36.17777778,8.933333333,18.4,47.288888893,54.57777778,0.417777778,0.148888889,7.68,7.28,0.32,12.52,1.24,0.482982222452
"102",2003,"TX",89,25,0.280898876404494,151,0.337748344370861,3620.1,8.97198879551821,231.14,3.111111111,0.2,0.048888889,16.76190476,74.4,33.06666667,8,3.555555556,1,1.08,0,0,43.8,2.08,0,2.08,0.55,20,50,NA,NA,0.514285714285714,NA,NA,NA,0.514285714285714,3.16653714274532,"TX_2003","TX_2002","TX_2001",0.62,0.66,3677.7,5.76,0.12,39.6,33.06666667,10.17777778,3.555555556,49.77777778,36.622222226,0.611111111,0.2,8.68,8.4,0.2,5.12,0.64,0.6752344844768
"103",2004,"GC",90,19,0.211111111111111,152,0.256578947368421,3906.2,9.49617486338798,109.22,1.484444444,0.017777778,0.017777778,15.7578125,144.7,64.31111111,30.7,13.64444444,0.12,0.44,0,0.04,0,0.56,0.04,0.6,0.3,4,15,NA,NA,0.342857142857143,NA,NA,NA,0.342857142857143,1.5857846870538,"GC_2004","GC_2003","GC_2002",0.66,0.55,4174.6,6.64,0.2,39.91111111,64.31111111,8,13.64444444,47.91111111,77.95555555,1.04,0.017777778,5.16,4.32,0.84,6.28,0.2,1.07688171351804
"104",2004,"GX",90,19,0.211111111111111,152,0.256578947368421,3906.2,9.49617486338798,109.22,1.968888889,0.008888889,0.008888889,19.07692308,70.7,31.42222222,23,10.22222222,0,0.24,0.12,0.04,0,0.24,0.16,0.4,0.3,1,3,NA,NA,0.428571428571429,NA,NA,NA,0.428571428571429,2.02883282062936,"GX_2004","GX_2003","GX_2002",0.66,0.55,4174.6,3.76,0,23.73333333,31.42222222,8.133333333,10.22222222,31.866666663,41.64444444,0.206666667,0.008888889,4.68,2.56,2.12,2.2,1,0.223280000331
"105",2004,"HC",90,19,0.211111111111111,152,0.256578947368421,3906.2,9.49617486338798,109.22,1.035555556,0.064444444,0.022222222,20.82258065,66.9,29.73333333,16.7,7.422222222,0,0,0,0.24,0,0,0.24,0.24,0.3,10,21,NA,NA,0.612244897959184,NA,NA,NA,0.612244897959184,1.09746802912573,"HC_2004","HC_2003","HC_2002",0.66,0.55,4174.6,5.44,0,28,29.73333333,7.333333333,7.422222222,35.333333333,37.155555552,12.70666667,0.064444444,4.36,2.48,1.88,4.32,1.12,12.843612124548
"106",2004,"HX",90,19,0.211111111111111,152,0.256578947368421,3906.2,9.49617486338798,109.22,0.808888889,0.04,0.013333333,16.29113924,80.6,35.82222222,21.4,9.511111111,0,0.04,0,0,0.2,0.04,0,0.04,0.3,9,30,NA,NA,0.385714285714286,NA,NA,NA,0.385714285714286,0.867247370007224,"HX_2004","HX_2003","HX_2002",0.66,0.55,4174.6,3.76,1.44,33.73333333,35.82222222,6.977777778,9.511111111,40.711111108,45.333333331,1.982222222,0.04,1.12,1.12,0,3.48,0.28,2.07350065336551
"107",2004,"TC",90,19,0.211111111111111,152,0.256578947368421,3906.2,9.49617486338798,109.22,0.791111111,0.084444444,0.046666667,15.9,46.5,20.66666667,39.3,17.46666667,0,0.04,0.24,0,0,0.04,0.24,0.28,0.3,24,54,NA,NA,0.571428571428571,NA,NA,NA,0.571428571428571,0.8239711110053,"TC_2004","TC_2003","TC_2002",0.66,0.55,4174.6,7.68,0.2,36.17777778,20.66666667,18.4,17.46666667,54.57777778,38.13333334,1.613333333,0.084444444,2.68,2.24,0.44,7.28,0.32,1.73566245892138
"108",2004,"TX",90,19,0.211111111111111,152,0.256578947368421,3906.2,9.49617486338798,109.22,0.7,0.044444444,0.04,18.51388889,78.5,34.88888889,47.2,20.97777778,0,0.16,0,0,0.08,0.16,0,0.16,0.3,12,34,NA,NA,0.453781512605042,NA,NA,NA,0.453781512605042,0.764592901240501,"TX_2004","TX_2003","TX_2002",0.66,0.55,4174.6,8.68,0.04,33.06666667,34.88888889,3.555555556,20.97777778,36.622222226,55.86666667,3.111111111,0.044444444,2.08,2.08,0,8.4,0.2,3.16653714274532
"109",2005,"GC",89,21,0.235955056179775,151,0.264900662251656,3959.9,9.79479452054795,147.32,0.164444444,0.171111111,0.0125,4.714285714,6,2.666666667,14.8,6.577777778,0,1.92,2.88,4.04,0.32,1.92,6.92,8.84,0.46,7,45,NA,NA,0.2,NA,NA,NA,0.2,0.165701586857224,"GC_2005","GC_2004","GC_2003",0.55,0.3,3620.1,5.16,20.8,64.31111111,2.666666667,13.64444444,6.577777778,77.95555555,9.244444445,1.484444444,0.171111111,0.6,0.56,0.04,4.32,0.84,1.5857846870538
"110",2005,"GX",89,21,0.235955056179775,151,0.264900662251656,3959.9,9.79479452054795,147.32,0.233333333,0.131111111,0.005,6.583333333,13.1,5.822222222,8,3.555555556,0,4.64,6,4.04,0,4.64,10.04,14.68,0.46,13,58,NA,NA,0.288177339901478,NA,NA,NA,0.288177339901478,0.237166295962623,"GX_2005","GX_2004","GX_2003",0.55,0.3,3620.1,4.68,0.8,31.42222222,5.822222222,10.22222222,3.555555556,41.64444444,9.377777778,1.968888889,0.131111111,0.4,0.24,0.16,2.56,2.12,2.02883282062936
"111",2005,"HC",89,21,0.235955056179775,151,0.264900662251656,3959.9,9.79479452054795,147.32,0.38,0.142222222,0.02,24.33333333,4.5,2,1,0.444444444,14.68,0,1.52,8.6,0,14.68,10.12,24.8,0.46,7,46,NA,NA,0.195652173913043,NA,NA,NA,0.195652173913043,0.384866666666,"HC_2005","HC_2004","HC_2003",0.55,0.3,3620.1,4.36,14.08,29.73333333,2,7.422222222,0.444444444,37.155555552,2.444444444,1.035555556,0.142222222,0.24,0,0.24,2.48,1.88,1.09746802912573
"112",2005,"HX",89,21,0.235955056179775,151,0.264900662251656,3959.9,9.79479452054795,147.32,0.895555556,0.173333333,0.0125,45.375,9.3,4.133333333,1.7,0.755555556,0,0.04,0.16,5.12,0.24,0.04,5.28,5.32,0.46,23,70,NA,NA,0.422448979591837,NA,NA,NA,0.422448979591837,0.914310555998488,"HX_2005","HX_2004","HX_2003",0.55,0.3,3620.1,1.12,216.24,35.82222222,4.133333333,9.511111111,0.755555556,45.333333331,4.888888889,0.808888889,0.173333333,0.04,0.04,0,1.12,0,0.867247370007224
"113",2005,"TC",89,21,0.235955056179775,151,0.264900662251656,3959.9,9.79479452054795,147.32,1.668888889,0.262222222,0.04,35.5,1.3,0.577777778,12.3,5.466666667,0.88,0.16,3.04,13.52,0.52,1.04,16.56,17.6,0.46,18,48,NA,NA,0.482142857142857,NA,NA,NA,0.482142857142857,1.6709400001119,"TC_2005","TC_2004","TC_2003",0.55,0.3,3620.1,2.68,18.04,20.66666667,0.577777778,17.46666667,5.466666667,38.13333334,6.044444445,0.791111111,0.262222222,0.28,0.04,0.24,2.24,0.44,0.8239711110053
"114",2005,"TX",89,21,0.235955056179775,151,0.264900662251656,3959.9,9.79479452054795,147.32,1.422222222,0.266666667,0.02,31.8,5,2.222222222,2,0.888888889,0.32,0.8,3,0.76,0.08,1.12,3.76,4.88,0.46,15,56,NA,NA,0.344387755102041,NA,NA,NA,0.344387755102041,1.42928888866596,"TX_2005","TX_2004","TX_2003",0.55,0.3,3620.1,2.08,43.8,34.88888889,2.222222222,20.97777778,0.888888889,55.86666667,3.111111111,0.7,0.266666667,0.16,0.16,0,2.08,0,0.764592901240501
"115",2006,"GC",89,24,0.269662921348315,151,0.198675496688742,3999.3,10.7205479452055,86.36,1.224444444,0.015555556,0.004444444,17.71212121,137.16,60.96,36.39,16.17333333,10.36,2.16,0,0.04,2.56,12.52,0.04,12.56,0.43,8,16,NA,NA,0.642857142857143,NA,NA,NA,0.642857142857143,1.33241753489616,"GC_2006","GC_2005","GC_2004",0.3,0.46,3906.2,0.6,0,2.666666667,60.96,6.577777778,16.17333333,9.244444445,77.13333333,0.164444444,0.015555556,8.84,1.92,6.92,0.56,0.04,0.165701586857224
"116",2006,"GX",89,24,0.269662921348315,151,0.198675496688742,3999.3,10.7205479452055,86.36,1.893333333,0.015555556,0,19.77027027,84.98,37.76888889,27.56,12.24888889,4.12,17.88,0.12,0.16,0.36,22,0.28,22.28,0.43,6,15,NA,NA,0.514285714285714,NA,NA,NA,0.514285714285714,1.96800344711529,"GX_2006","GX_2005","GX_2004",0.3,0.46,3906.2,0.4,0,5.822222222,37.76888889,3.555555556,12.24888889,9.377777778,50.01777778,0.233333333,0.015555556,14.68,4.64,10.04,0.24,0.16,0.237166295962623
"117",2006,"HC",89,24,0.269662921348315,151,0.198675496688742,3999.3,10.7205479452055,86.36,4.364444444,0.04,0.004444444,32.66037736,60.64,26.95111111,5.67,2.52,10.88,0.12,0.08,0.24,0.76,11,0.32,11.32,0.43,5,23,NA,NA,0.279503105590062,NA,NA,NA,0.279503105590062,4.45246778991239,"HC_2006","HC_2005","HC_2004",0.3,0.46,3906.2,0.24,0,2,26.95111111,0.444444444,2.52,2.444444444,29.47111111,0.38,0.04,24.8,14.68,10.12,0,0.24,0.384866666666
"118",2006,"HX",89,24,0.269662921348315,151,0.198675496688742,3999.3,10.7205479452055,86.36,2.002222222,0.053333333,0.008888889,31.44615385,67.49,29.99555556,15.69,6.973333333,4.52,1.6,0,0,47.68,6.12,0,6.12,0.43,8,28,NA,NA,0.36734693877551,NA,NA,NA,0.36734693877551,2.0965467074956,"HX_2006","HX_2005","HX_2004",0.3,0.46,3906.2,0.04,0.2,4.133333333,29.99555556,0.755555556,6.973333333,4.888888889,36.968888893,0.895555556,0.053333333,5.32,0.04,5.28,0.04,0,0.914310555998488
"119",2006,"TC",89,24,0.269662921348315,151,0.198675496688742,3999.3,10.7205479452055,86.36,2.12,0.057777778,0.02,56.68,50.3,22.35555556,11.53,5.124444444,19.2,0.36,0,0.16,8,19.56,0.16,19.72,0.43,10,35,NA,NA,0.36734693877551,NA,NA,NA,0.36734693877551,2.24671128891408,"TC_2006","TC_2005","TC_2004",0.3,0.46,3906.2,0.28,0,0.577777778,22.35555556,5.466666667,5.124444444,6.044444445,27.480000004,1.668888889,0.057777778,17.6,1.04,16.56,0.04,0.24,1.6709400001119
"120",2006,"TX",89,24,0.269662921348315,151,0.198675496688742,3999.3,10.7205479452055,86.36,3.933333333,0.048888889,0.026666667,47.69230769,55.84,24.81777778,15.53,6.902222222,12.76,0.84,0,0.16,5.16,13.6,0.16,13.76,0.43,4,26,NA,NA,0.197802197802198,NA,NA,NA,0.197802197802198,4.05169504240658,"TX_2006","TX_2005","TX_2004",0.3,0.46,3906.2,0.16,0.08,2.222222222,24.81777778,0.888888889,6.902222222,3.111111111,31.720000002,1.422222222,0.048888889,4.88,1.12,3.76,0.16,0,1.42928888866596
"121",2007,"GC",89,14,0.157303370786517,151,0.218543046357616,4007.3,9.75808219178082,81.28,1.893333333,0.048888889,0.025,10.66063348,224.755,99.89111111,43.645,19.39777778,0.24,0.72,0,0.04,0.04,0.96,0.04,1.2,0.46,NA,NA,2,11,NA,0.181818181818182,NA,NA,0.181818181818182,1.99982358534537,"GC_2007","GC_2006","GC_2005",0.46,0.43,3959.9,8.84,0.32,60.96,99.89111111,16.17333333,19.39777778,77.13333333,119.28888889,1.224444444,0.048888889,12.56,12.52,0.04,1.92,6.92,1.33241753489616
"122",2007,"GX",89,14,0.157303370786517,151,0.218543046357616,4007.3,9.75808219178082,81.28,2.944444444,0.031111111,0.0175,8.909774436,137.225,60.98888889,32.18,14.30222222,0.16,1.28,0.44,0.04,0,1.44,0.48,1.96,0.46,NA,NA,4,7,NA,0.571428571428571,NA,NA,0.571428571428571,2.99878416831122,"GX_2007","GX_2006","GX_2005",0.46,0.43,3959.9,14.68,0,37.76888889,60.98888889,12.24888889,14.30222222,50.01777778,75.29111111,1.893333333,0.031111111,22.28,22,0.28,4.64,10.04,1.96800344711529
"123",2007,"HC",89,14,0.157303370786517,151,0.218543046357616,4007.3,9.75808219178082,81.28,6.082222222,0.044444444,0.01,25.60144928,155.61,69.16,14.7875,6.572222222,0.08,0.12,0,0.36,0,0.2,0.36,0.56,0.46,NA,NA,2,10,NA,0.2,NA,NA,0.2,6.25928184522048,"HC_2007","HC_2006","HC_2005",0.46,0.43,3959.9,24.8,0,26.95111111,69.16,2.52,6.572222222,29.47111111,75.732222222,4.364444444,0.044444444,11.32,11,0.32,14.68,10.12,4.45246778991239
"124",2007,"HX",89,14,0.157303370786517,151,0.218543046357616,4007.3,9.75808219178082,81.28,2.373333333,0.031111111,0.0325,18.57142857,135.075,60.03333333,12.095,5.375555556,0.28,0.08,0.04,0.08,0,0.36,0.12,0.48,0.46,NA,NA,3,12,NA,0.25,NA,NA,0.25,2.48482380917571,"HX_2007","HX_2006","HX_2005",0.46,0.43,3959.9,5.32,0.24,29.99555556,60.03333333,6.973333333,5.375555556,36.968888893,65.408888886,2.002222222,0.031111111,6.12,6.12,0,0.04,5.28,2.0965467074956
"125",2007,"TC",89,14,0.157303370786517,151,0.218543046357616,4007.3,9.75808219178082,81.28,6.253333333,0.062222222,0.04,22.88235294,192.395,85.50888889,36.7925,16.35222222,0.24,0.04,0.12,0.12,0,0.28,0.24,0.52,0.46,NA,NA,3,10,NA,0.3,NA,NA,0.3,6.44899779050882,"TC_2007","TC_2006","TC_2005",0.46,0.43,3959.9,17.6,0.52,22.35555556,85.50888889,5.124444444,16.35222222,27.480000004,101.86111111,2.12,0.062222222,19.72,19.56,0.16,1.04,16.56,2.24671128891408
"126",2007,"TX",89,14,0.157303370786517,151,0.218543046357616,4007.3,9.75808219178082,81.28,5.94,0.062222222,0.0675,20.94736842,184.23,81.88,22.01,9.782222222,0.24,0.04,0.24,0.12,0,0.28,0.36,0.64,0.46,NA,NA,0,22,NA,0,NA,NA,0,6.11151705262296,"TX_2007","TX_2006","TX_2005",0.46,0.43,3959.9,4.88,0.08,24.81777778,81.88,6.902222222,9.782222222,31.720000002,91.662222222,3.933333333,0.062222222,13.76,13.6,0.16,1.12,3.76,4.05169504240658
"127",2008,"GC",90,18,0.2,152,0.164473684210526,3895.9,9.69836065573771,93.98,1.517777778,0.104444444,0.048888889,19.175,43.22,19.20888889,29.88,13.28,0.4,1.12,1.08,3.48,0.88,1.52,4.56,6.08,0.32,8,35,10,19,0.293877551020408,0.526315789473684,0.648148148148148,0.351851851851852,0.375661375661376,1.55461082244657,"GC_2008","GC_2007","GC_2006",0.43,0.46,3999.3,12.56,2.56,99.89111111,19.20888889,19.39777778,13.28,119.28888889,32.48888889,1.893333333,0.104444444,1.2,0.96,0.04,12.52,0.04,1.99982358534537
"128",2008,"GX",90,18,0.2,152,0.164473684210526,3895.9,9.69836065573771,93.98,0.766666667,0.068888889,0.015555556,12.0625,24.95,11.08888889,21.44,9.528888889,0.04,0.04,0.24,2.36,0.08,0.08,2.6,2.68,0.32,5,31,8,37,0.207373271889401,0.216216216216216,0.455882352941176,0.544117647058823,0.21218487394958,0.780042639223562,"GX_2008","GX_2007","GX_2006",0.43,0.46,3999.3,22.28,0.36,60.98888889,11.08888889,14.30222222,9.528888889,75.29111111,20.617777779,2.944444444,0.068888889,1.96,1.44,0.48,22,0.28,2.99878416831122
"129",2008,"HC",90,18,0.2,152,0.164473684210526,3895.9,9.69836065573771,93.98,1.586666667,0.113333333,0.006666667,24.22222222,29.86,13.27111111,9.44,4.195555556,0.24,0,0.32,15.44,0.16,0.24,15.76,16,0.32,3,12,1,7,0.321428571428571,0.142857142857143,0.631578947368421,0.368421052631579,0.255639097744361,1.61881224724127,"HC_2008","HC_2007","HC_2006",0.43,0.46,3999.3,11.32,0.76,69.16,13.27111111,6.572222222,4.195555556,75.732222222,17.466666666,6.082222222,0.113333333,0.56,0.2,0.36,11,0.32,6.25928184522048
"130",2008,"HX",90,18,0.2,152,0.164473684210526,3895.9,9.69836065573771,93.98,1.664444444,0.122222222,0.015555556,22.95348837,32.38,14.39111111,7.56,3.36,0.04,0.12,0,2.92,47.52,0.16,2.92,3.08,0.32,7,31,3,34,0.290322580645161,0.0882352941176471,0.476923076923077,0.523076923076923,0.184615384615385,1.69747706414948,"HX_2008","HX_2007","HX_2006",0.43,0.46,3999.3,6.12,47.68,60.03333333,14.39111111,5.375555556,3.36,65.408888886,17.75111111,2.373333333,0.122222222,0.48,0.36,0.12,6.12,0,2.48482380917571
"131",2008,"TC",90,18,0.2,152,0.164473684210526,3895.9,9.69836065573771,93.98,0.86,0.482222222,0.035555556,29.89655172,28.64,12.72888889,21.47,9.542222222,0.28,0.32,0.96,2.08,3.84,0.6,3.04,3.64,0.32,12,55,14,38,0.280519480519481,0.368421052631579,0.591397849462366,0.408602150537634,0.316436251920123,0.898054988503802,"TC_2008","TC_2007","TC_2006",0.43,0.46,3999.3,19.72,8,85.50888889,12.72888889,16.35222222,9.542222222,101.86111111,22.271111112,6.253333333,0.482222222,0.52,0.28,0.24,19.56,0.16,6.44899779050882
"132",2008,"TX",90,18,0.2,152,0.164473684210526,3895.9,9.69836065573771,93.98,1.962222222,0.211111111,0.073333333,37.52631579,29.3,13.02222222,26.2,11.64444444,0.92,0.32,0.56,1.2,1.84,1.24,1.76,3,0.32,0,NA,10,44,NA,0.227272727272727,NA,NA,0.227272727272727,2.01108982433153,"TX_2008","TX_2007","TX_2006",0.43,0.46,3999.3,13.76,5.16,81.88,13.02222222,9.782222222,11.64444444,91.662222222,24.66666666,5.94,0.211111111,0.64,0.28,0.36,13.6,0.16,6.11151705262296
"133",2009,"GC",89,21,0.235955056179775,151,0.258278145695364,3737,9.15205479452055,86.36,1.435555556,0.048888889,0.026666667,14.45945946,40.01,17.78222222,30.49,13.55111111,2.68,3.56,0,0.04,0.04,6.24,0.04,6.28,0.3,13,28,0,NA,0.596938775510204,NA,NA,NA,0.596938775510204,1.46126768812988,"GC_2009","GC_2008","GC_2007",0.46,0.32,4007.3,1.2,0.04,19.20888889,17.78222222,13.28,13.55111111,32.48888889,31.33333333,1.517777778,0.048888889,6.08,1.52,4.56,0.96,0.04,1.55461082244657
"134",2009,"GX",89,21,0.235955056179775,151,0.258278145695364,3737,9.15205479452055,86.36,1.655555556,0.057777778,0.008888889,13.96969697,29.68,13.19111111,15.69,6.973333333,0.28,2.52,0.08,0.16,0,2.8,0.24,3.04,0.3,15,40,9,20,0.482142857142857,0.45,0.666666666666667,0.333333333333333,0.471428571428571,1.67398313849043,"GX_2009","GX_2008","GX_2007",0.46,0.32,4007.3,1.96,0,11.08888889,13.19111111,9.528888889,6.973333333,20.617777779,20.164444443,0.766666667,0.057777778,2.68,0.08,2.6,1.44,0.48,0.780042639223562
"135",2009,"HC",89,21,0.235955056179775,151,0.258278145695364,3737,9.15205479452055,86.36,2.457777778,0.04,0.011111111,42.08,20.66,9.182222222,14.31,6.36,3.4,0.12,0,0.08,0,3.52,0.08,3.6,0.3,10,30,5,12,0.428571428571429,0.416666666666667,0.714285714285714,0.285714285714286,0.425170068027211,2.49641656911018,"HC_2009","HC_2008","HC_2007",0.46,0.32,4007.3,0.56,0,13.27111111,9.182222222,4.195555556,6.36,17.466666666,15.542222222,1.586666667,0.04,16,0.24,15.76,0.2,0.36,1.61881224724127
"136",2009,"HX",89,21,0.235955056179775,151,0.258278145695364,3737,9.15205479452055,86.36,1.764444444,0.148888889,0,50.96153846,18,8,7.34,3.262222222,3.2,0.08,0,0,1.04,3.28,0,3.28,0.3,12,45,4,10,0.342857142857143,0.4,0.818181818181818,0.181818181818182,0.353246753246753,1.805213674768,"HX_2009","HX_2008","HX_2007",0.46,0.32,4007.3,0.48,0,14.39111111,8,3.36,3.262222222,17.75111111,11.262222222,1.664444444,0.148888889,3.08,0.16,2.92,0.36,0.12,1.69747706414948
"137",2009,"TC",89,21,0.235955056179775,151,0.258278145695364,3737,9.15205479452055,86.36,3.057777778,0.104444444,0.026666667,25.52380952,22.75,10.11111111,25.25,11.22222222,5.16,0.48,0.68,0,0.04,5.64,0.68,6.32,0.3,17,42,8,21,0.520408163265306,0.380952380952381,0.666666666666667,0.333333333333333,0.473922902494331,3.08358518540072,"TC_2009","TC_2008","TC_2007",0.46,0.32,4007.3,0.52,0,12.72888889,10.11111111,9.542222222,11.22222222,22.271111112,21.33333333,0.86,0.104444444,3.64,0.6,3.04,0.28,0.24,0.898054988503802
"138",2009,"TX",89,21,0.235955056179775,151,0.258278145695364,3737,9.15205479452055,86.36,2.731111111,0.108888889,0.017777778,19.09090909,28,12.44444444,18.8,8.355555556,1.36,0.84,0.12,0.08,0.12,2.2,0.2,2.4,0.3,9,42,6,10,0.275510204081633,0.6,0.807692307692308,0.192307692307692,0.337912087912088,2.75486868674796,"TX_2009","TX_2008","TX_2007",0.46,0.32,4007.3,0.64,0,13.02222222,12.44444444,11.64444444,8.355555556,24.66666666,20.799999996,1.962222222,0.108888889,3,1.24,1.76,0.28,0.36,2.01108982433153
"139",2010,"GC",89,33,0.370786516853933,151,0.185430463576159,4152.8,10.4890410958904,109.22,0.853333333,0.028888889,0.017777778,14.69565217,50.65,22.51111111,29.29,13.01777778,6.24,2.28,1.72,1.64,0,8.52,3.36,11.88,0.57,5,22,6,18,0.292207792207792,0.333333333333333,0.55,0.45,0.310714285714286,0.886414878883278,"GC_2010","GC_2009","GC_2008",0.32,0.3,3895.9,6.08,0.88,17.78222222,22.51111111,13.55111111,13.01777778,31.33333333,35.52888889,1.435555556,0.028888889,6.28,6.24,0.04,1.52,4.56,1.46126768812988
"140",2010,"GX",89,33,0.370786516853933,151,0.185430463576159,4152.8,10.4890410958904,109.22,0.375555556,0.022222222,0.015555556,9.862068966,24.93,11.08,40.5,18,2.36,21.56,1.28,2.64,0,23.92,3.92,27.84,0.57,5,14,4,16,0.459183673469388,0.25,0.466666666666667,0.533333333333333,0.347619047619048,0.386482728414328,"GX_2010","GX_2009","GX_2008",0.32,0.3,3895.9,2.68,0.08,13.19111111,11.08,6.973333333,18,20.164444443,29.08,1.655555556,0.022222222,3.04,2.8,0.24,0.08,2.6,1.67398313849043
"141",2010,"HC",89,33,0.370786516853933,151,0.185430463576159,4152.8,10.4890410958904,109.22,4.084444444,0.017777778,0.002222222,29.66216216,75.25,33.44444444,10.74,4.773333333,18.2,1.56,0.76,4.04,0,19.76,4.8,24.56,0.57,7,23,4,22,0.391304347826087,0.181818181818182,0.511111111111111,0.488888888888889,0.288888888888889,4.18364789743304,"HC_2010","HC_2009","HC_2008",0.32,0.3,3895.9,16,0.16,9.182222222,33.44444444,6.36,4.773333333,15.542222222,38.217777773,2.457777778,0.017777778,3.6,3.52,0.08,0.24,15.76,2.49641656911018
"142",2010,"HX",89,33,0.370786516853933,151,0.185430463576159,4152.8,10.4890410958904,109.22,1.495555556,0.028888889,0.006666667,29.8,55.96,24.87111111,9.13,4.057777778,6.8,0.08,0,3.2,0,6.88,3.2,10.08,0.57,8,35,2,19,0.293877551020408,0.105263157894737,0.648148148148148,0.351851851851852,0.227513227513228,1.5696714671078,"HX_2010","HX_2009","HX_2008",0.32,0.3,3895.9,3.08,47.52,8,24.87111111,3.262222222,4.057777778,11.262222222,28.928888888,1.764444444,0.028888889,3.28,3.28,0,0.16,2.92,1.805213674768
"143",2010,"TC",89,33,0.370786516853933,151,0.185430463576159,4152.8,10.4890410958904,109.22,0.962222222,0.028888889,0.008888889,22.30769231,50.57,22.47555556,20.59,9.151111111,26.56,1.92,10.92,2.04,0,28.48,12.96,41.44,0.57,12,24,5,21,0.642857142857143,0.238095238095238,0.533333333333333,0.466666666666667,0.453968253968254,1.01235999979288,"TC_2010","TC_2009","TC_2008",0.32,0.3,3895.9,3.64,3.84,10.11111111,22.47555556,11.22222222,9.151111111,21.33333333,31.626666671,3.057777778,0.028888889,6.32,5.64,0.68,0.6,3.04,3.08358518540072
"144",2010,"TX",89,33,0.370786516853933,151,0.185430463576159,4152.8,10.4890410958904,109.22,3.048888889,0.026666667,0.008888889,14.70212766,48.24,21.44,21.13,9.391111111,19.76,2.52,3.4,4.92,0,22.28,8.32,30.6,0.57,6,24,5,20,0.321428571428571,0.25,0.545454545454545,0.454545454545455,0.288961038961039,3.08041025070304,"TX_2010","TX_2009","TX_2008",0.32,0.3,3895.9,3,1.84,12.44444444,21.44,8.355555556,9.391111111,20.799999996,30.831111111,2.731111111,0.026666667,2.4,2.2,0.2,1.24,1.76,2.75486868674796
"145",2011,"GC",89,13,0.146067415730337,151,0.278145695364238,3936.5,10.2953424657534,172.72,2.12,0.042222222,0.048888889,8.203208556,195.19,86.75111111,25.51,11.33777778,0.12,0.24,0,0.04,28.92,0.36,0.04,0.4,0.83,12,31,4,30,0.497695852534562,0.133333333333333,0.508196721311475,0.491803278688525,0.318501170960187,2.19116374569001,"GC_2011","GC_2010","GC_2009",0.3,0.57,3737,6.28,0.04,22.51111111,86.75111111,13.01777778,11.33777778,35.52888889,98.08888889,0.853333333,0.042222222,11.88,8.52,3.36,6.24,0.04,0.886414878883278
"146",2011,"GX",89,13,0.146067415730337,151,0.278145695364238,3936.5,10.2953424657534,172.72,0.082222222,0.013333333,0.013333333,1.867924528,199.33,88.59111111,32.09,14.26222222,0.32,3,0.08,0.04,1.12,3.32,0.12,3.44,0.83,10,36,17,52,0.357142857142857,0.326923076923077,0.409090909090909,0.590909090909091,0.339285714285714,0.0987703729405142,"GX_2011","GX_2010","GX_2009",0.3,0.57,3737,3.04,0,11.08,88.59111111,18,14.26222222,29.08,102.85333333,0.375555556,0.013333333,27.84,23.92,3.92,2.8,0.24,0.386482728414328
"147",2011,"HC",89,13,0.146067415730337,151,0.278145695364238,3936.5,10.2953424657534,172.72,0.704444444,0.126666667,0.046666667,8.139393939,186.44,82.86222222,22.82,10.14222222,0.04,0.08,0,0,12.68,0.12,0,0.12,0.83,5,35,14,40,0.183673469387755,0.35,0.466666666666667,0.533333333333333,0.272380952380952,0.771889270930954,"HC_2011","HC_2010","HC_2009",0.3,0.57,3737,3.6,0,33.44444444,82.86222222,4.773333333,10.14222222,38.217777773,93.00444444,4.084444444,0.126666667,24.56,19.76,4.8,3.52,0.08,4.18364789743304
"148",2011,"HX",89,13,0.146067415730337,151,0.278145695364238,3936.5,10.2953424657534,172.72,0.82,0.104444444,0.04,8.369942197,188.87,83.94222222,15.46,6.871111111,0.04,0.04,0,0,285.4,0.08,0,0.08,0.83,11,38,15,50,0.37218045112782,0.3,0.431818181818182,0.568181818181818,0.331168831168831,0.890259154786913,"HX_2011","HX_2010","HX_2009",0.3,0.57,3737,3.28,1.04,24.87111111,83.94222222,4.057777778,6.871111111,28.928888888,90.813333331,1.495555556,0.104444444,10.08,6.88,3.2,3.28,0,1.5696714671078
"149",2011,"TC",89,13,0.146067415730337,151,0.278145695364238,3936.5,10.2953424657534,172.72,1.033333333,0.044444444,0.06,3.797385621,170.47,75.76444444,40.85,18.15555556,0.64,0.2,0,0.04,85.64,0.84,0.04,0.88,0.83,18,37,9,30,0.625482625482625,0.3,0.552238805970149,0.447761194029851,0.479744136460554,1.06210401418995,"TC_2011","TC_2010","TC_2009",0.3,0.57,3737,6.32,0.04,22.47555556,75.76444444,9.151111111,18.15555556,31.626666671,93.92,0.962222222,0.044444444,41.44,28.48,12.96,5.64,0.68,1.01235999979288
"150",2011,"TX",89,13,0.146067415730337,151,0.278145695364238,3936.5,10.2953424657534,172.72,0.753333333,0.062222222,0.057777778,11.50359712,171.12,76.05333333,27.64,12.28444444,0.56,0.08,0,0,53.8,0.64,0,0.64,0.83,19,48,11,48,0.508928571428571,0.229166666666667,0.5,0.5,0.369047619047619,0.840822023626139,"TX_2011","TX_2010","TX_2009",0.3,0.57,3737,2.4,0.12,21.44,76.05333333,9.391111111,12.28444444,30.831111111,88.33777777,3.048888889,0.062222222,30.6,22.28,8.32,2.2,0.2,3.08041025070304
"151",2012,"GC",90,34,0.377777777777778,152,0.0855263157894737,4266.918570839,10.9943458219645,68.58,1.917777778,0.022222222,0.04,23.390625,125.3,55.68888889,25.62,11.38666667,0.24,0.84,0.72,1.48,0,1.08,2.2,3.28,0.42,19,41,12,30,0.59581881533101,0.4,0.577464788732394,0.422535211267606,0.51307847082495,2.04803756966927,"GC_2012","GC_2011","GC_2010",0.57,0.83,4152.8,11.88,0,86.75111111,55.68888889,11.33777778,11.38666667,98.08888889,67.07555556,2.12,0.022222222,0.4,0.36,0.04,8.52,3.36,2.19116374569001
"152",2012,"GX",90,34,0.377777777777778,152,0.0855263157894737,4266.918570839,10.9943458219645,68.58,1.884444444,0.015555556,0.004444444,26.3125,98.35,43.71111111,18.8,8.355555556,0.8,1.92,0.92,6.04,0,2.72,6.96,9.68,0.42,1,2,17,48,0.642857142857143,0.354166666666667,0.04,0.96,0.365714285714286,1.99945930510819,"GX_2012","GX_2011","GX_2010",0.57,0.83,4152.8,27.84,0,88.59111111,43.71111111,14.26222222,8.355555556,102.85333333,52.066666666,0.082222222,0.015555556,3.44,3.32,0.12,23.92,3.92,0.0987703729405142
"153",2012,"HC",90,34,0.377777777777778,152,0.0855263157894737,4266.918570839,10.9943458219645,68.58,1.797777778,0.037777778,0.008888889,14.27586207,92.96,41.31555556,8.6,3.822222222,0.12,0.08,0.24,1.08,0,0.2,1.32,1.52,0.42,20,47,22,44,0.547112462006079,0.5,0.516483516483517,0.483516483516484,0.524332810047096,1.856759295252,"HC_2012","HC_2011","HC_2010",0.57,0.83,4152.8,24.56,0,82.86222222,41.31555556,10.14222222,3.822222222,93.00444444,45.137777782,0.704444444,0.037777778,0.12,0.12,0,19.76,4.8,0.771889270930954
"154",2012,"HX",90,34,0.377777777777778,152,0.0855263157894737,4266.918570839,10.9943458219645,68.58,2.968888889,0.017777778,0.006666667,20.29807692,120.92,53.74222222,18.23,8.102222222,0.32,0.12,0,0.68,0.16,0.44,0.68,1.12,0.42,14,27,39,73,0.666666666666667,0.534246575342466,0.27,0.73,0.57,3.07797526504733,"HX_2012","HX_2011","HX_2010",0.57,0.83,4152.8,10.08,0,83.94222222,53.74222222,6.871111111,8.102222222,90.813333331,61.844444442,0.82,0.017777778,0.08,0.08,0,6.88,3.2,0.890259154786913
"155",2012,"TC",90,34,0.377777777777778,152,0.0855263157894737,4266.918570839,10.9943458219645,68.58,3.988888889,0.044444444,0.017777778,19.80263158,81.25,36.11111111,20.66,9.182222222,0.2,0.16,0.56,0.2,0,0.36,0.76,1.12,0.42,15,36,16,29,0.535714285714286,0.551724137931034,0.553846153846154,0.446153846153846,0.542857142857143,4.06039839192558,"TC_2012","TC_2011","TC_2010",0.57,0.83,4152.8,41.44,0,75.76444444,36.11111111,18.15555556,9.182222222,93.92,45.293333332,1.033333333,0.044444444,0.88,0.84,0.04,28.48,12.96,1.06210401418995
"156",2012,"TX",90,34,0.377777777777778,152,0.0855263157894737,4266.918570839,10.9943458219645,68.58,2.146666667,0.117777778,0.022222222,17.2173913,72.85,32.37777778,35.9,15.95555556,0.04,0.76,0.28,0.08,0,0.8,0.36,1.16,0.42,16,37,36,65,0.555984555984556,0.553846153846154,0.362745098039216,0.637254901960784,0.554621848739496,2.20241275394627,"TX_2012","TX_2011","TX_2010",0.57,0.83,4152.8,30.6,0,76.05333333,32.37777778,12.28444444,15.95555556,88.33777777,48.33333334,0.753333333,0.117777778,0.64,0.64,0,22.28,8.32,0.840822023626139
"157",2013,"GC",89,17,0.191011235955056,151,0.119205298013245,3796.679,9.58286575342466,114.3,2.651111111,0.082222222,0.022222222,22,5.8,2.577777778,14.61,6.493333333,0.08,0.08,0.08,0,0.04,0.16,0.08,0.24,0.51,12,41,18,43,0.376306620209059,0.418604651162791,0.488095238095238,0.511904761904762,0.397959183673469,2.6567822221116,"GC_2013","GC_2012","GC_2011",0.83,0.42,3936.5,0.4,28.92,55.68888889,2.577777778,11.38666667,6.493333333,67.07555556,9.071111111,1.917777778,0.082222222,3.28,1.08,2.2,0.36,0.04,2.04803756966927
"158",2013,"GX",89,17,0.191011235955056,151,0.119205298013245,3796.679,9.58286575342466,114.3,1.093333333,0.075555556,0.035555556,12.33333333,4.22,1.875555556,17.08,7.591111111,0.08,0.24,0.28,0.04,0,0.32,0.32,0.64,0.51,6,46,9,29,0.167701863354037,0.310344827586207,0.613333333333333,0.386666666666667,0.222857142857143,1.09564651818511,"GX_2013","GX_2012","GX_2011",0.83,0.42,3936.5,3.44,1.12,43.71111111,1.875555556,8.355555556,7.591111111,52.066666666,9.466666667,1.884444444,0.075555556,9.68,2.72,6.96,3.32,0.12,1.99945930510819
"159",2013,"HC",89,17,0.191011235955056,151,0.119205298013245,3796.679,9.58286575342466,114.3,1.997777778,0.153333333,0,31,3.33,1.48,7,3.111111111,1.36,0.16,0,0.96,0.2,1.52,0.96,2.48,0.51,22,42,17,41,0.673469387755102,0.414634146341463,0.506024096385542,0.493975903614458,0.545611015490534,2.002365778,"HC_2013","HC_2012","HC_2011",0.83,0.42,3936.5,0.12,12.68,41.31555556,1.48,3.822222222,3.111111111,45.137777782,4.591111111,1.797777778,0.153333333,1.52,0.2,1.32,0.12,0,1.856759295252
"160",2013,"HX",89,17,0.191011235955056,151,0.119205298013245,3796.679,9.58286575342466,114.3,2.411111111,0.142222222,0.02,49.3,7.73,3.435555556,9.44,4.195555556,0,0.04,0,0.16,6.96,0.04,0.16,0.2,0.51,16,43,12,30,0.478405315614618,0.4,0.589041095890411,0.410958904109589,0.446183953033268,2.42804839989108,"HX_2013","HX_2012","HX_2011",0.83,0.42,3936.5,0.08,285.4,53.74222222,3.435555556,8.102222222,4.195555556,61.844444442,7.631111112,2.968888889,0.142222222,1.12,0.44,0.68,0.08,0,3.07797526504733
"161",2013,"TC",89,17,0.191011235955056,151,0.119205298013245,3796.679,9.58286575342466,114.3,1.204444444,0.128888889,0.026666667,42.75,9.75,4.333333333,8,3.555555556,0.08,0.12,1.56,0.48,0.68,0.2,2.04,2.24,0.51,13,45,3,30,0.371428571428571,0.1,0.6,0.4,0.262857142857143,1.22296944399857,"TC_2013","TC_2012","TC_2011",0.83,0.42,3936.5,0.88,85.64,36.11111111,4.333333333,9.182222222,3.555555556,45.293333332,7.888888889,3.988888889,0.128888889,1.12,0.36,0.76,0.84,0.04,4.06039839192558
"162",2013,"TX",89,17,0.191011235955056,151,0.119205298013245,3796.679,9.58286575342466,114.3,0.873333333,0.135555556,0.017777778,17.90909091,9,4,12.71,5.648888889,0.04,0.56,0.16,0.12,0.08,0.6,0.28,0.88,0.51,10,44,10,30,0.292207792207792,0.333333333333333,0.594594594594595,0.405405405405405,0.308880308880309,0.880496969364,"TX_2013","TX_2012","TX_2011",0.83,0.42,3936.5,0.64,53.8,32.37777778,4,15.95555556,5.648888889,48.33333334,9.648888889,2.146666667,0.135555556,1.16,0.8,0.36,0.64,0,2.20241275394627
"163",2014,"GC",89,20,0.224719101123595,151,0.390728476821192,3735.039,8.89317534246575,167.64,0.1725,0.015555556,0.028888889,9.344827586,34.95,15.53333333,40.32,17.92,0.92,1.48,0.28,2.24,0,2.4,2.52,4.92,0.3,NA,NA,NA,NA,NA,NA,NA,NA,NA,0.187015632180472,"GC_2014","GC_2013","GC_2012",0.42,0.51,4266.918570839,3.28,0,2.577777778,15.53333333,6.493333333,17.92,9.071111111,33.45333333,2.651111111,0.015555556,0.24,0.16,0.08,1.08,2.2,2.6567822221116
"164",2014,"GX",89,20,0.224719101123595,151,0.390728476821192,3735.039,8.89317534246575,167.64,0.2525,0.002222222,0.017777778,11.16,27.79,12.35111111,31.41,13.96,2.56,2.92,1.72,2.76,0,5.48,4.48,9.96,0.3,NA,NA,NA,NA,NA,NA,NA,NA,NA,0.26628383999876,"GX_2014","GX_2013","GX_2012",0.42,0.51,4266.918570839,9.68,0,1.875555556,12.35111111,7.591111111,13.96,9.466666667,26.31111111,1.093333333,0.002222222,0.64,0.32,0.32,2.72,6.96,1.09564651818511
"165",2014,"HC",89,20,0.224719101123595,151,0.390728476821192,3735.039,8.89317534246575,167.64,1.2975,0.024444444,0.011111111,9.066666667,15,6.666666667,11.25,5,5.44,0.36,0.24,3.48,0.04,5.8,3.72,9.52,0.3,NA,NA,NA,NA,NA,NA,NA,NA,NA,1.30354444444497,"HC_2014","HC_2013","HC_2012",0.42,0.51,4266.918570839,1.52,0,1.48,6.666666667,3.111111111,5,4.591111111,11.666666667,1.997777778,0.024444444,2.48,1.52,0.96,0.2,1.32,2.002365778
"166",2014,"HX",89,20,0.224719101123595,151,0.390728476821192,3735.039,8.89317534246575,167.64,0.8325,0.053333333,0.008888889,15.36842105,23.37,10.38666667,9.3,4.133333333,3.24,0.2,0,0.64,0,3.44,0.64,4.08,0.3,NA,NA,NA,NA,NA,NA,NA,NA,NA,0.848462666669056,"HX_2014","HX_2013","HX_2012",0.42,0.51,4266.918570839,1.12,0.16,3.435555556,10.38666667,4.195555556,4.133333333,7.631111112,14.520000003,2.411111111,0.053333333,0.2,0.04,0.16,0.44,0.68,2.42804839989108
"167",2014,"TC",89,20,0.224719101123595,151,0.390728476821192,3735.039,8.89317534246575,167.64,0.815,0.031111111,0.002222222,9.483870968,33.92,15.07555556,19,8.444444444,5.6,0.08,4.84,1.16,0,5.68,6,11.68,0.3,NA,NA,NA,NA,NA,NA,NA,NA,NA,0.829297462370195,"TC_2014","TC_2013","TC_2012",0.42,0.51,4266.918570839,1.12,0,4.333333333,15.07555556,3.555555556,8.444444444,7.888888889,23.520000004,1.204444444,0.031111111,2.24,0.2,2.04,0.36,0.76,1.22296944399857
"168",2014,"TX",89,20,0.224719101123595,151,0.390728476821192,3735.039,8.89317534246575,167.64,0.2825,0.048888889,0.006666667,13.05555556,20.18,8.968888889,27.5,12.22222222,1.32,0.52,1.44,0.32,0.04,1.84,1.76,3.6,0.3,NA,NA,NA,NA,NA,NA,NA,NA,NA,0.294209382720181,"TX_2014","TX_2013","TX_2012",0.42,0.51,4266.918570839,1.16,0,4,8.968888889,5.648888889,12.22222222,9.648888889,21.191111109,0.873333333,0.048888889,0.88,0.6,0.28,0.8,0.36,0.880496969364
"169",2015,"GC",89,16,0.179775280898876,151,0.357615894039735,3875.407,9.60331780821918,175.26,0.16,0.022222222,0.028888889,5.407407407,62.51,27.78222222,38.57,17.14222222,14,3.76,0.08,0.96,0,17.76,1.04,18.8,0.21,NA,NA,NA,NA,NA,NA,NA,NA,NA,0.175022979421535,"GC_2015","GC_2014","GC_2013",0.51,0.3,3796.679,0.24,0.04,15.53333333,27.78222222,17.92,17.14222222,33.45333333,44.92444444,0.1725,0.022222222,4.92,2.4,2.52,0.16,0.08,0.187015632180472
"170",2015,"GX",89,16,0.179775280898876,151,0.357615894039735,3875.407,9.60331780821918,175.26,0.2875,0.024444444,0.024444444,5.196078431,58.29,25.90666667,30.44,13.52888889,4.64,9.52,0.08,1.28,0,14.16,1.36,15.52,0.21,NA,NA,NA,NA,NA,NA,NA,NA,NA,0.300961307190309,"GX_2015","GX_2014","GX_2013",0.51,0.3,3796.679,0.64,0,12.35111111,25.90666667,13.96,13.52888889,26.31111111,39.43555556,0.2525,0.024444444,9.96,5.48,4.48,0.32,0.32,0.26628383999876
"171",2015,"HC",89,16,0.179775280898876,151,0.357615894039735,3875.407,9.60331780821918,175.26,0.535,0.026666667,0.013333333,10.6,100.79,44.79555556,21.28,9.457777778,15.36,3.04,0.04,1.44,0,18.4,1.48,19.88,0.21,NA,NA,NA,NA,NA,NA,NA,NA,NA,0.5824832888936,"HC_2015","HC_2014","HC_2013",0.51,0.3,3796.679,2.48,0.2,6.666666667,44.79555556,5,9.457777778,11.666666667,54.253333338,1.2975,0.026666667,9.52,5.8,3.72,1.52,0.96,1.30354444444497
"172",2015,"HX",89,16,0.179775280898876,151,0.357615894039735,3875.407,9.60331780821918,175.26,0.5275,0.04,0.008888889,9.72972973,85.31,37.91555556,15.14,6.728888889,7.68,0.88,0,0.24,0.4,8.56,0.24,8.8,0.21,NA,NA,NA,NA,NA,NA,NA,NA,NA,0.56439081081616,"HX_2015","HX_2014","HX_2013",0.51,0.3,3796.679,0.2,6.96,10.38666667,37.91555556,4.133333333,6.728888889,14.520000003,44.644444449,0.8325,0.04,4.08,3.44,0.64,0.04,0.16,0.848462666669056
"173",2015,"TC",89,16,0.179775280898876,151,0.357615894039735,3875.407,9.60331780821918,175.26,4.785,0.031111111,0.004444444,12.88732394,66.39,29.50666667,23.71,10.53777778,30.16,0.68,0.2,0.2,0.2,30.84,0.4,31.24,0.21,NA,NA,NA,NA,NA,NA,NA,NA,NA,4.82302619717659,"TC_2015","TC_2014","TC_2013",0.51,0.3,3796.679,2.24,0.68,15.07555556,29.50666667,8.444444444,10.53777778,23.520000004,40.04444445,0.815,0.031111111,11.68,5.68,6,0.2,2.04,0.829297462370195
"174",2015,"TX",89,16,0.179775280898876,151,0.357615894039735,3875.407,9.60331780821918,175.26,0.47,0.02,0.008888889,10.80519481,73.78,32.79111111,32.47,14.43111111,20.52,2.76,0.52,0.44,0.24,23.28,0.96,24.24,0.21,NA,NA,NA,NA,NA,NA,NA,NA,NA,0.505431434357991,"TX_2015","TX_2014","TX_2013",0.51,0.3,3796.679,0.88,0.08,8.968888889,32.79111111,12.22222222,14.43111111,21.191111109,47.22222222,0.2825,0.02,3.6,1.84,1.76,0.6,0.28,0.294209382720181
